<?xml version="1.0" encoding="UTF-8"?>
<metadata xml:lang="en"><Esri><CreaDate>20120301</CreaDate><CreaTime>09204700</CreaTime><ArcGISFormat>1.0</ArcGISFormat><SyncOnce>TRUE</SyncOnce><DataProperties><itemProps><itemLocation><linkage Sync="TRUE">file://\\CSMFS1\CityWideShare\Information Systems\GIS\peter_d\bike_shopsfinal</linkage><protocol Sync="TRUE">Local Area Network</protocol></itemLocation></itemProps><copyHistory><copy source="\\Csmfs1\Planning and Community Development\StrategicAndTransportationPlanning\Users\Peter.Dzewaltowski\ArcGIS\Interactive Bike Map\bike_shopsfinal" dest="\\CSMFS1\CityWideShare\Information Systems\GIS\peter_d\bike_shopsfinal" date="20120301" time="16364800"></copy></copyHistory></DataProperties></Esri></metadata>
