<?xml version="1.0" encoding="UTF-8"?>
<metadata xml:lang="en"><Esri><CreaDate>20140722</CreaDate><CreaTime>15402100</CreaTime><ArcGISFormat>1.0</ArcGISFormat><SyncOnce>TRUE</SyncOnce><DataProperties><itemProps><itemLocation><linkage Sync="TRUE">file://\\csmfs1\CityWideShare\Information Systems\GIS\temp\basin_bndry</linkage><protocol Sync="TRUE">Local Area Network</protocol></itemLocation></itemProps><copyHistory><copy source="\\gismain\GISdata\Utilities\Storm\Unrotated\basin_bndry" dest="\\csmfs1\CityWideShare\Information Systems\GIS\temp\basin_bndry" date="20140722" time="15402100"></copy></copyHistory></DataProperties></Esri></metadata>
