<?xml version="1.0" encoding="UTF-8"?>
<metadata xml:lang="en"><Esri><CreaDate>20120301</CreaDate><CreaTime>10465700</CreaTime><ArcGISFormat>1.0</ArcGISFormat><SyncOnce>TRUE</SyncOnce><DataProperties><itemProps><itemLocation><linkage Sync="TRUE">file://\\CSMFS1\CityWideShare\Information Systems\GIS\peter_d\bikerackCopy</linkage><protocol Sync="TRUE">Local Area Network</protocol></itemLocation></itemProps><copyHistory><copy source="\\Csmfs1\Planning and Community Development\StrategicAndTransportationPlanning\Users\Peter.Dzewaltowski\ArcGIS\Interactive Bike Map\bikerackCopy" dest="\\CSMFS1\CityWideShare\Information Systems\GIS\peter_d\bikerackCopy" date="20120301" time="16370600"></copy></copyHistory><lineage><Process ToolSource="C:\Program Files\ArcGIS\Desktop10.0\ArcToolbox\Toolboxes\Data Management Tools.tbx\Append" Date="20120301" Time="105238">Append bikerack;bike_amenitiesCopy bikerackCopy NO_TEST "ID "ID" true false false 6 Long 0 6 ,First,#,\\Csmfs1\Planning and Community Development\StrategicAndTransportationPlanning\Users\Peter.Dzewaltowski\ArcGIS\Interactive Bike Map\bikerack.shp,ID,-1,-1;STATUS "STATUS" true false false 20 Text 0 0 ,First,#,\\Csmfs1\Planning and Community Development\StrategicAndTransportationPlanning\Users\Peter.Dzewaltowski\ArcGIS\Interactive Bike Map\bikerack.shp,STATUS,-1,-1;RACKTYPE "RACKTYPE" true false false 20 Text 0 0 ,First,#,\\Csmfs1\Planning and Community Development\StrategicAndTransportationPlanning\Users\Peter.Dzewaltowski\ArcGIS\Interactive Bike Map\bikerack.shp,RACKTYPE,-1,-1,\\Csmfs1\Planning and Community Development\StrategicAndTransportationPlanning\Users\Peter.Dzewaltowski\ArcGIS\Interactive Bike Map\bike_amenitiesCopy.shp,Type,-1,-1;CAPACITY "CAPACITY" true false false 4 Short 0 4 ,First,#,\\Csmfs1\Planning and Community Development\StrategicAndTransportationPlanning\Users\Peter.Dzewaltowski\ArcGIS\Interactive Bike Map\bikerack.shp,CAPACITY,-1,-1;OWNER "OWNER" true false false 20 Text 0 0 ,First,#,\\Csmfs1\Planning and Community Development\StrategicAndTransportationPlanning\Users\Peter.Dzewaltowski\ArcGIS\Interactive Bike Map\bikerack.shp,OWNER,-1,-1;COND "COND" true false false 20 Text 0 0 ,First,#,\\Csmfs1\Planning and Community Development\StrategicAndTransportationPlanning\Users\Peter.Dzewaltowski\ArcGIS\Interactive Bike Map\bikerack.shp,COND,-1,-1;URL "URL" true false false 100 Text 0 0 ,First,#,\\Csmfs1\Planning and Community Development\StrategicAndTransportationPlanning\Users\Peter.Dzewaltowski\ArcGIS\Interactive Bike Map\bikerack.shp,URL,-1,-1,\\Csmfs1\Planning and Community Development\StrategicAndTransportationPlanning\Users\Peter.Dzewaltowski\ArcGIS\Interactive Bike Map\bike_amenitiesCopy.shp,URL,-1,-1;COMMENTS "COMMENTS" true false false 254 Text 0 0 ,First,#,\\Csmfs1\Planning and Community Development\StrategicAndTransportationPlanning\Users\Peter.Dzewaltowski\ArcGIS\Interactive Bike Map\bikerack.shp,COMMENTS,-1,-1" #</Process></lineage></DataProperties></Esri></metadata>
