<?xml version="1.0"?>
<!--<!DOCTYPE metadata SYSTEM "http://www.esri.com/metadata/esriprof80.dtd">-->
<metadata xml:lang="en"><Esri><CreaDate>20070220</CreaDate><CreaTime>13310400</CreaTime><SyncOnce>FALSE</SyncOnce><DataProperties><lineage><Process Name="Merge_1" ToolSource="C:\Program Files\ArcGIS\ArcToolbox\Toolboxes\Data Management Tools.tbx\Merge" Date="20070215" Time="154443">Merge I:\GISdata\Contours\SHP\6376_1831b_ct_polylines.shp;I:\GISdata\Contours\SHP\6376_1831c_ct_polylines.shp;I:\GISdata\Contours\SHP\6376_1836c_ct_polylines.shp;I:\GISdata\Contours\SHP\6376_1836d_ct_polylines.shp;I:\GISdata\Contours\SHP\6376_1842d_ct_polylines.shp;I:\GISdata\Contours\SHP\6382_1831b_ct_polylines.shp;I:\GISdata\Contours\SHP\6382_1831c_ct_polylines.shp;I:\GISdata\Contours\SHP\6382_1836a_ct_polylines.shp;I:\GISdata\Contours\SHP\6382_1836b_ct_polylines.shp;I:\GISdata\Contours\SHP\6382_1836c_ct_polylines.shp;I:\GISdata\Contours\SHP\6382_1836d_ct_polylines.shp;I:\GISdata\Contours\SHP\6382_1842a_ct_polylines.shp;I:\GISdata\Contours\SHP\6382_1842b_ct_polylines.shp;I:\GISdata\Contours\SHP\6382_1842c_ct_polylines.shp;I:\GISdata\Contours\SHP\6382_1842d_ct_polylines.shp;I:\GISdata\Contours\SHP\6382_1847a_ct_polylines.shp;I:\GISdata\Contours\SHP\6382_1847c_ct_polylines.shp;I:\GISdata\Contours\SHP\6382_1847d_ct_polylines.shp;I:\GISdata\Contours\SHP\6382_1852d_ct_polylines.shp;I:\GISdata\Contours\SHP\6387_1831c_ct_polylines.shp;I:\GISdata\Contours\SHP\6387_1836a_ct_polylines.shp;I:\GISdata\Contours\SHP\6387_1836b_ct_polylines.shp;I:\GISdata\Contours\SHP\6387_1836c_ct_polylines.shp;I:\GISdata\Contours\SHP\6387_1836d_ct_polylines.shp;I:\GISdata\Contours\SHP\6387_1842a_ct_polylines.shp;I:\GISdata\Contours\SHP\6387_1842b_ct_polylines.shp;I:\GISdata\Contours\SHP\6387_1842c_ct_polylines.shp;I:\GISdata\Contours\SHP\6387_1842d_ct_polylines.shp;I:\GISdata\Contours\SHP\6387_1847a_ct_polylines.shp;I:\GISdata\Contours\SHP\6387_1847b_ct_polylines.shp;I:\GISdata\Contours\SHP\6387_1847c_ct_polylines.shp;I:\GISdata\Contours\SHP\6387_1847d_ct_polylines.shp;I:\GISdata\Contours\SHP\6387_1852a_ct_polylines.shp;I:\GISdata\Contours\SHP\6387_1852b_ct_polylines.shp;I:\GISdata\Contours\SHP\6387_1852c_ct_polylines.shp;I:\GISdata\Contours\SHP\6387_1852d_ct_polylines.shp;I:\GISdata\Contours\SHP\6387_1857d_ct_polylines.shp;I:\GISdata\Contours\SHP\6392_1831b_ct_polylines.shp;I:\GISdata\Contours\SHP\6392_1831c_ct_polylines.shp;I:\GISdata\Contours\SHP\6392_1836a_ct_polylines.shp;I:\GISdata\Contours\SHP\6392_1836b_ct_polylines.shp;I:\GISdata\Contours\SHP\6392_1836c_ct_polylines.shp;I:\GISdata\Contours\SHP\6392_1836d_ct_polylines.shp;I:\GISdata\Contours\SHP\6392_1842a_ct_polylines.shp;I:\GISdata\Contours\SHP\6392_1842b_ct_polylines.shp;I:\GISdata\Contours\SHP\6392_1842c_ct_polylines.shp;I:\GISdata\Contours\SHP\6392_1842d_ct_polylines.shp;I:\GISdata\Contours\SHP\6392_1847a_ct_polylines.shp;I:\GISdata\Contours\SHP\6392_1847b_ct_polylines.shp;I:\GISdata\Contours\SHP\6392_1847c_ct_polylines.shp;I:\GISdata\Contours\SHP\6392_1847d_ct_polylines.shp;I:\GISdata\Contours\SHP\6392_1852a_ct_polylines.shp;I:\GISdata\Contours\SHP\6392_1852b_ct_polylines.shp;I:\GISdata\Contours\SHP\6392_1852c_ct_polylines.shp;I:\GISdata\Contours\SHP\6392_1852d_ct_polylines.shp;I:\GISdata\Contours\SHP\6392_1857a_ct_polylines.shp;I:\GISdata\Contours\SHP\6392_1857b_ct_polylines.shp;I:\GISdata\Contours\SHP\6392_1857c_ct_polylines.shp;I:\GISdata\Contours\SHP\6392_1857d_ct_polylines.shp;I:\GISdata\Contours\SHP\6397_1831b_ct_polylines.shp;I:\GISdata\Contours\SHP\6397_1831c_ct_polylines.shp;I:\GISdata\Contours\SHP\6397_1831d_ct_polylines.shp;I:\GISdata\Contours\SHP\6397_1836a_ct_polylines.shp;I:\GISdata\Contours\SHP\6397_1836b_ct_polylines.shp;I:\GISdata\Contours\SHP\6397_1836c_ct_polylines.shp;I:\GISdata\Contours\SHP\6397_1836d_ct_polylines.shp;I:\GISdata\Contours\SHP\6397_1842a_ct_polylines.shp;I:\GISdata\Contours\SHP\6397_1842b_ct_polylines.shp;I:\GISdata\Contours\SHP\6397_1842c_ct_polylines.shp;I:\GISdata\Contours\SHP\6397_1842d_ct_polylines.shp;I:\GISdata\Contours\SHP\6397_1847a_ct_polylines.shp;I:\GISdata\Contours\SHP\6397_1847b_ct_polylines.shp;I:\GISdata\Contours\SHP\6397_1847c_ct_polylines.shp;I:\GISdata\Contours\SHP\6397_1847d_ct_polylines.shp;I:\GISdata\Contours\SHP\6397_1852a_ct_polylines.shp;I:\GISdata\Contours\SHP\6397_1852b_ct_polylines.shp;I:\GISdata\Contours\SHP\6397_1852c_ct_polylines.shp;I:\GISdata\Contours\SHP\6397_1852d_ct_polylines.shp;I:\GISdata\Contours\SHP\6397_1857a_ct_polylines.shp;I:\GISdata\Contours\SHP\6397_1857b_ct_polylines.shp;I:\GISdata\Contours\SHP\6397_1857c_ct_polylines.shp;I:\GISdata\Contours\SHP\6397_1857d_ct_polylines.shp;I:\GISdata\Contours\SHP\6397_1863a_ct_polylines.shp;I:\GISdata\Contours\SHP\6397_1863c_ct_polylines.shp;I:\GISdata\Contours\SHP\6397_1863d_ct_polylines.shp;I:\GISdata\Contours\SHP\6403_1826b_ct_polylines.shp;I:\GISdata\Contours\SHP\6403_1826c_ct_polylines.shp;I:\GISdata\Contours\SHP\6403_1826d_ct_polylines.shp;I:\GISdata\Contours\SHP\6403_1831a_ct_Polylines.shp;I:\GISdata\Contours\SHP\6403_1831b_ct_polylines.shp;I:\GISdata\Contours\SHP\6403_1831c_ct_polylines.shp;I:\GISdata\Contours\SHP\6403_1831d_ct_polylines.shp;I:\GISdata\Contours\SHP\6403_1836a_ct_polylines.shp;I:\GISdata\Contours\SHP\6403_1836b_ct_polylines.shp;I:\GISdata\Contours\SHP\6403_1836c_ct_polylines.shp;I:\GISdata\Contours\SHP\6403_1836d_ct_polylines.shp;I:\GISdata\Contours\SHP\6403_1842a_ct_polylines.shp;I:\GISdata\Contours\SHP\6403_1842b_ct_polylines.shp;I:\GISdata\Contours\SHP\6403_1842c_ct_polylines.shp;I:\GISdata\Contours\SHP\6403_1842d_ct_polylines.shp;I:\GISdata\Contours\SHP\6403_1847a_ct_polylines.shp;I:\GISdata\Contours\SHP\6403_1847b_ct_polylines.shp;I:\GISdata\Contours\SHP\6403_1847c_ct_polylines.shp;I:\GISdata\Contours\SHP\6403_1847d_ct_polylines.shp;I:\GISdata\Contours\SHP\6403_1852a_ct_polylines.shp;I:\GISdata\Contours\SHP\6403_1852b_ct_polylines.shp;I:\GISdata\Contours\SHP\6403_1852c_ct_polylines.shp;I:\GISdata\Contours\SHP\6403_1852d_ct_polylines.shp;I:\GISdata\Contours\SHP\6403_1857a_ct_polylines.shp;I:\GISdata\Contours\SHP\6403_1857b_ct_polylines.shp;I:\GISdata\Contours\SHP\6403_1857c_ct_polylines.shp;I:\GISdata\Contours\SHP\6403_1857d_ct_polylines.shp;I:\GISdata\Contours\SHP\6403_1863a_ct_polylines.shp;I:\GISdata\Contours\SHP\6403_1863b_ct_polylines.shp;I:\GISdata\Contours\SHP\6403_1863c_ct_polylines.shp;I:\GISdata\Contours\SHP\6403_1863d_ct_polylines.shp;I:\GISdata\Contours\SHP\6408_1820b_ct_polylines.shp;I:\GISdata\Contours\SHP\6408_1820c_ct_Polylines.shp;I:\GISdata\Contours\SHP\6408_1820d_ct_polylines.shp;I:\GISdata\Contours\SHP\6408_1826a_ct_polylines.shp;I:\GISdata\Contours\SHP\6408_1826b_ct_polylines.shp;I:\GISdata\Contours\SHP\6408_1826c_ct_polylines.shp;I:\GISdata\Contours\SHP\6408_1826d_ct_polylines.shp;I:\GISdata\Contours\SHP\6408_1831a_ct_polylines.shp;I:\GISdata\Contours\SHP\6408_1831b_ct_polylines.shp;I:\GISdata\Contours\SHP\6408_1831c_ct_polylines.shp;I:\GISdata\Contours\SHP\6408_1831d_ct_polylines.shp;I:\GISdata\Contours\SHP\6408_1836a_ct_polylines.shp;I:\GISdata\Contours\SHP\6408_1836b_ct_polylines.shp;I:\GISdata\Contours\SHP\6408_1836c_ct_polylines.shp;I:\GISdata\Contours\SHP\6408_1836d_ct_polylines.shp;I:\GISdata\Contours\SHP\6408_1842a_ct_polylines.shp;I:\GISdata\Contours\SHP\6408_1842b_ct_polylines.shp;I:\GISdata\Contours\SHP\6408_1842c_ct_polylines.shp;I:\GISdata\Contours\SHP\6408_1842d_ct_polylines.shp;I:\GISdata\Contours\SHP\6408_1847a_ct_polylines.shp;I:\GISdata\Contours\SHP\6408_1847b_ct_polylines.shp;I:\GISdata\Contours\SHP\6408_1847c_ct_polylines.shp;I:\GISdata\Contours\SHP\6408_1847d_ct_polylines.shp;I:\GISdata\Contours\SHP\6408_1852a_ct_polylines.shp;I:\GISdata\Contours\SHP\6408_1852b_ct_polylines.shp;I:\GISdata\Contours\SHP\6408_1852c_ct_polylines.shp;I:\GISdata\Contours\SHP\6408_1852d_ct_polylines.shp;I:\GISdata\Contours\SHP\6408_1857a_ct_polylines.shp;I:\GISdata\Contours\SHP\6408_1857b_ct_polylines.shp;I:\GISdata\Contours\SHP\6408_1857c_ct_polylines.shp;I:\GISdata\Contours\SHP\6408_1857d_ct_polylines.shp;I:\GISdata\Contours\SHP\6408_1863a_ct_polylines.shp;I:\GISdata\Contours\SHP\6408_1863b_ct_polylines.shp;I:\GISdata\Contours\SHP\6408_1863c_ct_polylines.shp;I:\GISdata\Contours\SHP\6408_1863d_ct_polylines.shp;I:\GISdata\Contours\SHP\6413_1810c_ct_polylines.shp;I:\GISdata\Contours\SHP\6413_1815b_ct_polylines.shp;I:\GISdata\Contours\SHP\6413_1815c_ct_Polylines.shp;I:\GISdata\Contours\SHP\6413_1815d_ct_polylines.shp;I:\GISdata\Contours\SHP\6413_1820a_ct_polylines.shp;I:\GISdata\Contours\SHP\6413_1820b_ct_polylines.shp;I:\GISdata\Contours\SHP\6413_1820c_ct_polylines.shp;I:\GISdata\Contours\SHP\6413_1820d_ct_polylines.shp;I:\GISdata\Contours\SHP\6413_1826a_ct_polylines.shp;I:\GISdata\Contours\SHP\6413_1826b_ct_polylines.shp;I:\GISdata\Contours\SHP\6413_1826c_ct_polylines.shp;I:\GISdata\Contours\SHP\6413_1826d_ct_polylines.shp;I:\GISdata\Contours\SHP\6413_1831a_ct_polylines.shp;I:\GISdata\Contours\SHP\6413_1831b_ct_polylines.shp;I:\GISdata\Contours\SHP\6413_1831c_ct_polylines.shp;I:\GISdata\Contours\SHP\6413_1831d_ct_polylines.shp;I:\GISdata\Contours\SHP\6413_1836a_ct_polylines.shp;I:\GISdata\Contours\SHP\6413_1836b_ct_polylines.shp;I:\GISdata\Contours\SHP\6413_1836c_ct_polylines.shp;I:\GISdata\Contours\SHP\6413_1836d_ct_polylines.shp;I:\GISdata\Contours\SHP\6413_1842a_ct_polylines.shp;I:\GISdata\Contours\SHP\6413_1842b_ct_polylines.shp;I:\GISdata\Contours\SHP\6413_1842c_ct_polylines.shp;I:\GISdata\Contours\SHP\6413_1842d_ct_polylines.shp;I:\GISdata\Contours\SHP\6413_1847a_ct_polylines.shp;I:\GISdata\Contours\SHP\6413_1847b_ct_polylines.shp;I:\GISdata\Contours\SHP\6413_1847c_ct_polylines.shp;I:\GISdata\Contours\SHP\6413_1847d_ct_polylines.shp;I:\GISdata\Contours\SHP\6413_1852a_ct_polylines.shp;I:\GISdata\Contours\SHP\6413_1852b_ct_polylines.shp;I:\GISdata\Contours\SHP\6413_1852c_ct_polylines.shp;I:\GISdata\Contours\SHP\6413_1852d_ct_polylines.shp;I:\GISdata\Contours\SHP\6413_1857a_ct_polylines.shp;I:\GISdata\Contours\SHP\6413_1857b_ct_polylines.shp;I:\GISdata\Contours\SHP\6413_1857c_ct_polylines.shp;I:\GISdata\Contours\SHP\6413_1857d_ct_polylines.shp;I:\GISdata\Contours\SHP\6413_1863a_ct_polylines.shp;I:\GISdata\Contours\SHP\6413_1863b_ct_polylines.shp;I:\GISdata\Contours\SHP\6413_1863c_ct_polylines.shp;I:\GISdata\Contours\SHP\6413_1863d_ct_polylines.shp;I:\GISdata\Contours\SHP\6418_1805a_ct_polylines.shp;I:\GISdata\Contours\SHP\6418_1805b_ct_polylines.shp;I:\GISdata\Contours\SHP\6418_1805c_ct_Polylines.shp;I:\GISdata\Contours\SHP\6418_1805d_ct_polylines.shp;I:\GISdata\Contours\SHP\6418_1810a_ct_polylines.shp;I:\GISdata\Contours\SHP\6418_1810b_ct_Polylines.shp;I:\GISdata\Contours\SHP\6418_1810c_ct_Polylines.shp;I:\GISdata\Contours\SHP\6418_1810d_ct_Polylines.shp;I:\GISdata\Contours\SHP\6418_1815a_ct_Polylines.shp;I:\GISdata\Contours\SHP\6418_1815b_ct_Polylines.shp;I:\GISdata\Contours\SHP\6418_1815c_ct_Polylines.shp;I:\GISdata\Contours\SHP\6418_1815d_ct_Polylines.shp;I:\GISdata\Contours\SHP\6418_1820a_ct_polylines.shp;I:\GISdata\Contours\SHP\6418_1820b_ct_polylines.shp;I:\GISdata\Contours\SHP\6418_1820c_ct_polylines.shp;I:\GISdata\Contours\SHP\6418_1820d_ct_polylines.shp;I:\GISdata\Contours\SHP\6418_1826a_ct_polylines.shp;I:\GISdata\Contours\SHP\6418_1826b_ct_polylines.shp;I:\GISdata\Contours\SHP\6418_1826c_ct_polylines.shp;I:\GISdata\Contours\SHP\6418_1826d_ct_polylines.shp;I:\GISdata\Contours\SHP\6418_1831a_ct_polylines.shp;I:\GISdata\Contours\SHP\6418_1831b_ct_polylines.shp;I:\GISdata\Contours\SHP\6418_1831c_ct_polylines.shp;I:\GISdata\Contours\SHP\6418_1831d_ct_polylines.shp;I:\GISdata\Contours\SHP\6418_1836a_ct_polylines.shp;I:\GISdata\Contours\SHP\6418_1836b_ct_polylines.shp;I:\GISdata\Contours\SHP\6418_1836c_ct_polylines.shp;I:\GISdata\Contours\SHP\6418_1836d_ct_polylines.shp;I:\GISdata\Contours\SHP\6418_1842a_ct_polylines.shp;I:\GISdata\Contours\SHP\6418_1842b_ct_polylines.shp;I:\GISdata\Contours\SHP\6418_1842c_ct_polylines.shp;I:\GISdata\Contours\SHP\6418_1842d_ct_polylines.shp;I:\GISdata\Contours\SHP\6418_1847a_ct_polylines.shp;I:\GISdata\Contours\SHP\6418_1847b_ct_polylines.shp;I:\GISdata\Contours\SHP\6418_1847c_ct_polylines.shp;I:\GISdata\Contours\SHP\6418_1847d_ct_polylines.shp;I:\GISdata\Contours\SHP\6418_1852a_ct_polylines.shp;I:\GISdata\Contours\SHP\6418_1852b_ct_polylines.shp;I:\GISdata\Contours\SHP\6418_1852c_ct_polylines.shp;I:\GISdata\Contours\SHP\6418_1852d_ct_polylines.shp;I:\GISdata\Contours\SHP\6418_1857a_ct_polylines.shp;I:\GISdata\Contours\SHP\6418_1857b_ct_polylines.shp;I:\GISdata\Contours\SHP\6418_1857c_ct_polylines.shp;I:\GISdata\Contours\SHP\6418_1857d_ct_polylines.shp;I:\GISdata\Contours\SHP\6418_1863a_ct_polylines.shp;I:\GISdata\Contours\SHP\6418_1863b_ct_polylines.shp;I:\GISdata\Contours\SHP\6418_1863d_ct_polylines.shp;I:\GISdata\Contours\SHP\6424_1794c_ct_polylines.shp;I:\GISdata\Contours\SHP\6424_1799a_ct_polylines.shp;I:\GISdata\Contours\SHP\6424_1799b_ct_polylines.shp;I:\GISdata\Contours\SHP\6424_1799c_ct_polylines.shp;I:\GISdata\Contours\SHP\6424_1799d_ct_polylines.shp;I:\GISdata\Contours\SHP\6424_1805a_ct_polylines.shp;I:\GISdata\Contours\SHP\6424_1805b_ct_Polylines.shp;I:\GISdata\Contours\SHP\6424_1805c_ct_Polylines.shp;I:\GISdata\Contours\SHP\6424_1805d_ct_polylines.shp;I:\GISdata\Contours\SHP\6424_1810a_ct_Polylines.shp;I:\GISdata\Contours\SHP\6424_1810b_ct_polylines.shp;I:\GISdata\Contours\SHP\6424_1810c_ct_Polylines.shp;I:\GISdata\Contours\SHP\6424_1810d_ct_Polylines.shp;I:\GISdata\Contours\SHP\6424_1815a_ct_Polylines.shp;I:\GISdata\Contours\SHP\6424_1815b_ct_Polylines.shp;I:\GISdata\Contours\SHP\6424_1815c_ct_polylines.shp;I:\GISdata\Contours\SHP\6424_1815d_ct_Polylines.shp;I:\GISdata\Contours\SHP\6424_1820a_ct_polylines.shp;I:\GISdata\Contours\SHP\6424_1820b_ct_polylines.shp;I:\GISdata\Contours\SHP\6424_1820c_ct_polylines.shp;I:\GISdata\Contours\SHP\6424_1820d_ct_polylines.shp;I:\GISdata\Contours\SHP\6424_1826a_ct_polylines.shp;I:\GISdata\Contours\SHP\6424_1826b_ct_polylines.shp;I:\GISdata\Contours\SHP\6424_1826c_ct_polylines.shp;I:\GISdata\Contours\SHP\6424_1826d_ct_Polylines.shp;I:\GISdata\Contours\SHP\6424_1831a_ct_polylines.shp;I:\GISdata\Contours\SHP\6424_1831b_ct_polylines.shp;I:\GISdata\Contours\SHP\6424_1831c_ct_polylines.shp;I:\GISdata\Contours\SHP\6424_1831d_ct_polylines.shp;I:\GISdata\Contours\SHP\6424_1836a_ct_polylines.shp;I:\GISdata\Contours\SHP\6424_1836b_ct_polylines.shp;I:\GISdata\Contours\SHP\6424_1836c_ct_polylines.shp;I:\GISdata\Contours\SHP\6424_1836d_ct_polylines.shp;I:\GISdata\Contours\SHP\6424_1842a_ct_polylines.shp;I:\GISdata\Contours\SHP\6424_1842b_ct_polylines.shp;I:\GISdata\Contours\SHP\6424_1842c_ct_polylines.shp;I:\GISdata\Contours\SHP\6424_1842d_ct_polylines.shp;I:\GISdata\Contours\SHP\6424_1847a_ct_polylines.shp;I:\GISdata\Contours\SHP\6424_1847b_ct_polylines.shp;I:\GISdata\Contours\SHP\6424_1847c_ct_polylines.shp;I:\GISdata\Contours\SHP\6424_1847d_ct_polylines.shp;I:\GISdata\Contours\SHP\6424_1852a_ct_polylines.shp;I:\GISdata\Contours\SHP\6424_1852b_ct_polylines.shp;I:\GISdata\Contours\SHP\6424_1852c_ct_polylines.shp;I:\GISdata\Contours\SHP\6424_1852d_ct_polylines.shp;I:\GISdata\Contours\SHP\6424_1857a_ct_polylines.shp;I:\GISdata\Contours\SHP\6424_1857b_ct_polylines.shp;I:\GISdata\Contours\SHP\6424_1857c_ct_polylines.shp;I:\GISdata\Contours\SHP\6424_1857d_ct_polylines.shp;I:\GISdata\Contours\SHP\6424_1863a_ct_polylines.shp;I:\GISdata\Contours\SHP\6424_1863d_ct_polylines.shp;I:\GISdata\Contours\SHP\6429_1794b_ct_polylines.shp;I:\GISdata\Contours\SHP\6429_1799a_ct_polylines.shp;I:\GISdata\Contours\SHP\6429_1799b_ct_polylines.shp;I:\GISdata\Contours\SHP\6429_1799c_ct_polylines.shp;I:\GISdata\Contours\SHP\6429_1799d_ct_polylines.shp;I:\GISdata\Contours\SHP\6429_1805a_ct_polylines.shp;I:\GISdata\Contours\SHP\6429_1805b_ct_Polylines.shp;I:\GISdata\Contours\SHP\6429_1805c_ct_Polylines.shp;I:\GISdata\Contours\SHP\6429_1805d_ct_polylines.shp;I:\GISdata\Contours\SHP\6429_1810a_ct_Polylines.shp;I:\GISdata\Contours\SHP\6429_1810b_ct_Polylines.shp;I:\GISdata\Contours\SHP\6429_1810c_ct_Polylines.shp;I:\GISdata\Contours\SHP\6429_1810d_ct_Polylines.shp;I:\GISdata\Contours\SHP\6429_1815a_ct_polylines.shp;I:\GISdata\Contours\SHP\6429_1815b_ct_polylines.shp;I:\GISdata\Contours\SHP\6429_1815c_ct_Polylines.shp;I:\GISdata\Contours\SHP\6429_1815d_ct_Polylines.shp;I:\GISdata\Contours\SHP\6429_1820a_ct_polylines.shp;I:\GISdata\Contours\SHP\6429_1820b_ct_polylines.shp;I:\GISdata\Contours\SHP\6429_1820c_ct_polylines.shp;I:\GISdata\Contours\SHP\6429_1820d_ct_polylines.shp;I:\GISdata\Contours\SHP\6429_1826a_ct_polylines.shp;I:\GISdata\Contours\SHP\6429_1826b_ct_polylines.shp;I:\GISdata\Contours\SHP\6429_1826c_ct_polylines.shp;I:\GISdata\Contours\SHP\6429_1826d_ct_polylines.shp;I:\GISdata\Contours\SHP\6429_1831a_ct_Polylines.shp;I:\GISdata\Contours\SHP\6429_1831b_ct_polylines.shp;I:\GISdata\Contours\SHP\6429_1831c_ct_polylines.shp;I:\GISdata\Contours\SHP\6429_1831d_ct_polylines.shp;I:\GISdata\Contours\SHP\6429_1836a_ct_polylines.shp;I:\GISdata\Contours\SHP\6429_1836b_ct_polylines.shp;I:\GISdata\Contours\SHP\6429_1836c_ct_polylines.shp;I:\GISdata\Contours\SHP\6429_1836d_ct_polylines.shp;I:\GISdata\Contours\SHP\6429_1842a_ct_polylines.shp;I:\GISdata\Contours\SHP\6429_1842b_ct_polylines.shp;I:\GISdata\Contours\SHP\6429_1842c_ct_polylines.shp;I:\GISdata\Contours\SHP\6429_1842d_ct_polylines.shp;I:\GISdata\Contours\SHP\6429_1847a_ct_polylines.shp;I:\GISdata\Contours\SHP\6429_1847b_ct_polylines.shp;I:\GISdata\Contours\SHP\6429_1847c_ct_polylines.shp;I:\GISdata\Contours\SHP\6429_1847d_ct_polylines.shp;I:\GISdata\Contours\SHP\6429_1852a_ct_polylines.shp;I:\GISdata\Contours\SHP\6429_1852b_ct_polylines.shp;I:\GISdata\Contours\SHP\6429_1852c_ct_polylines.shp;I:\GISdata\Contours\SHP\6429_1852d_ct_polylines.shp;I:\GISdata\Contours\SHP\6429_1857a_ct_polylines.shp;I:\GISdata\Contours\SHP\6429_1857b_ct_polylines.shp;I:\GISdata\Contours\SHP\6429_1857c_ct_polylines.shp;I:\GISdata\Contours\SHP\6429_1857d_ct_polylines.shp;I:\GISdata\Contours\SHP\6434_1799a_ct_polylines.shp;I:\GISdata\Contours\SHP\6434_1799b_ct_polylines.shp;I:\GISdata\Contours\SHP\6434_1799c_ct_polylines.shp;I:\GISdata\Contours\SHP\6434_1805a_ct_polylines.shp;I:\GISdata\Contours\SHP\6434_1805b_ct_polylines.shp;I:\GISdata\Contours\SHP\6434_1805c_ct_polylines.shp;I:\GISdata\Contours\SHP\6434_1805d_ct_polylines.shp;I:\GISdata\Contours\SHP\6434_1810a_ct_polylines.shp;I:\GISdata\Contours\SHP\6434_1810b_ct_polylines.shp;I:\GISdata\Contours\SHP\6434_1810c_ct_polylines.shp;I:\GISdata\Contours\SHP\6434_1810d_ct_polylines.shp;I:\GISdata\Contours\SHP\6434_1815a_ct_Polylines.shp;I:\GISdata\Contours\SHP\6434_1815b_ct_Polylines.shp;I:\GISdata\Contours\SHP\6434_1815c_ct_Polylines.shp;I:\GISdata\Contours\SHP\6434_1815d_ct_Polylines.shp;I:\GISdata\Contours\SHP\6434_1820a_ct_polylines.shp;I:\GISdata\Contours\SHP\6434_1820b_ct_polylines.shp;I:\GISdata\Contours\SHP\6434_1820c_ct_polylines.shp;I:\GISdata\Contours\SHP\6434_1820d_ct_polylines.shp;I:\GISdata\Contours\SHP\6434_1826a_ct_polylines.shp;I:\GISdata\Contours\SHP\6434_1826b_ct_polylines.shp;I:\GISdata\Contours\SHP\6434_1826c_ct_polylines.shp;I:\GISdata\Contours\SHP\6434_1826d_ct_polylines.shp;I:\GISdata\Contours\SHP\6434_1831a_ct_polylines.shp;I:\GISdata\Contours\SHP\6434_1831b_ct_polylines.shp;I:\GISdata\Contours\SHP\6434_1831c_ct_polylines.shp;I:\GISdata\Contours\SHP\6434_1831d_ct_polylines.shp;I:\GISdata\Contours\SHP\6434_1836a_ct_polylines.shp;I:\GISdata\Contours\SHP\6434_1836b_ct_polylines.shp;I:\GISdata\Contours\SHP\6434_1836c_ct_polylines.shp;I:\GISdata\Contours\SHP\6434_1836d_ct_polylines.shp;I:\GISdata\Contours\SHP\6434_1842a_ct_polylines.shp;I:\GISdata\Contours\SHP\6434_1842b_ct_polylines.shp;I:\GISdata\Contours\SHP\6434_1842c_ct_polylines.shp;I:\GISdata\Contours\SHP\6434_1842d_ct_polylines.shp;I:\GISdata\Contours\SHP\6434_1847a_ct_polylines.shp;I:\GISdata\Contours\SHP\6434_1847b_ct_polylines.shp;I:\GISdata\Contours\SHP\6434_1847c_ct_polylines.shp;I:\GISdata\Contours\SHP\6434_1847d_ct_polylines.shp;I:\GISdata\Contours\SHP\6434_1852a_ct_polylines.shp;I:\GISdata\Contours\SHP\6434_1852b_ct_polylines.shp;I:\GISdata\Contours\SHP\6434_1852c_ct_polylines.shp;I:\GISdata\Contours\SHP\6434_1852d_ct_polylines.shp;I:\GISdata\Contours\SHP\6434_1857a_ct_polylines.shp;I:\GISdata\Contours\SHP\6440_1805a_ct_polylines.shp;I:\GISdata\Contours\SHP\6440_1805b_ct_polylines.shp;I:\GISdata\Contours\SHP\6440_1805c_ct_polylines.shp;I:\GISdata\Contours\SHP\6440_1805d_ct_polylines.shp;I:\GISdata\Contours\SHP\6440_1810a_ct_polylines.shp;I:\GISdata\Contours\SHP\6440_1810b_ct_polylines.shp;I:\GISdata\Contours\SHP\6440_1810c_ct_polylines.shp;I:\GISdata\Contours\SHP\6440_1810d_ct_polylines.shp;I:\GISdata\Contours\SHP\6440_1815a_ct_polylines.shp;I:\GISdata\Contours\SHP\6440_1815b_ct_polylines.shp;I:\GISdata\Contours\SHP\6440_1815c_ct_polylines.shp;I:\GISdata\Contours\SHP\6440_1815d_ct_polylines.shp;I:\GISdata\Contours\SHP\6440_1820a_ct_polylines.shp;I:\GISdata\Contours\SHP\6440_1820b_ct_polylines.shp;I:\GISdata\Contours\SHP\6440_1820c_ct_polylines.shp;I:\GISdata\Contours\SHP\6440_1820d_ct_polylines.shp;I:\GISdata\Contours\SHP\6440_1826a_ct_polylines.shp;I:\GISdata\Contours\SHP\6440_1826b_ct_polylines.shp;I:\GISdata\Contours\SHP\6440_1826c_ct_polylines.shp;I:\GISdata\Contours\SHP\6440_1826d_ct_polylines.shp;I:\GISdata\Contours\SHP\6440_1831a_ct_polylines.shp;I:\GISdata\Contours\SHP\6440_1831b_ct_polylines.shp;I:\GISdata\Contours\SHP\6440_1831c_ct_polylines.shp;I:\GISdata\Contours\SHP\6440_1831d_ct_polylines.shp;I:\GISdata\Contours\SHP\6440_1836a_ct_polylines.shp;I:\GISdata\Contours\SHP\6440_1836b_ct_polylines.shp;I:\GISdata\Contours\SHP\6440_1836c_ct_polylines.shp;I:\GISdata\Contours\SHP\6440_1836d_ct_polylines.shp;I:\GISdata\Contours\SHP\6440_1842a_ct_polylines.shp;I:\GISdata\Contours\SHP\6440_1842b_ct_polylines.shp;I:\GISdata\Contours\SHP\6440_1842c_ct_polylines.shp;I:\GISdata\Contours\SHP\6440_1842d_ct_polylines.shp;I:\GISdata\Contours\SHP\6440_1847a_ct_polylines.shp;I:\GISdata\Contours\SHP\6440_1847b_ct_polylines.shp;I:\GISdata\Contours\SHP\6440_1847c_ct_polylines.shp;I:\GISdata\Contours\SHP\6440_1847d_ct_polylines.shp;I:\GISdata\Contours\SHP\6440_1852a_ct_polylines.shp;I:\GISdata\Contours\SHP\6445_1805b_ct_polylines.shp;I:\GISdata\Contours\SHP\6445_1810a_ct_polylines.shp;I:\GISdata\Contours\SHP\6445_1810b_ct_polylines.shp;I:\GISdata\Contours\SHP\6445_1810c_ct_polylines.shp;I:\GISdata\Contours\SHP\6445_1815a_ct_polylines.shp;I:\GISdata\Contours\SHP\6445_1815b_ct_polylines.shp;I:\GISdata\Contours\SHP\6445_1815c_ct_polylines.shp;I:\GISdata\Contours\SHP\6445_1815d_ct_polylines.shp;I:\GISdata\Contours\SHP\6445_1820a_ct_polylines.shp;I:\GISdata\Contours\SHP\6445_1820b_ct_polylines.shp;I:\GISdata\Contours\SHP\6445_1820c_ct_polylines.shp;I:\GISdata\Contours\SHP\6445_1820d_ct_polylines.shp;I:\GISdata\Contours\SHP\6445_1826a_ct_polylines.shp;I:\GISdata\Contours\SHP\6445_1826b_ct_polylines.shp;I:\GISdata\Contours\SHP\6445_1826c_ct_polylines.shp;I:\GISdata\Contours\SHP\6445_1826d_ct_polylines.shp;I:\GISdata\Contours\SHP\6445_1831a_ct_polylines.shp;I:\GISdata\Contours\SHP\6445_1831b_ct_polylines.shp;I:\GISdata\Contours\SHP\6445_1831c_ct_polylines.shp;I:\GISdata\Contours\SHP\6445_1831d_ct_polylines.shp;I:\GISdata\Contours\SHP\6445_1836a_ct_polylines.shp;I:\GISdata\Contours\SHP\6445_1836b_ct_polylines.shp;I:\GISdata\Contours\SHP\6445_1836c_ct_polylines.shp;I:\GISdata\Contours\SHP\6445_1836d_ct_polylines.shp;I:\GISdata\Contours\SHP\6445_1842a_ct_polylines.shp;I:\GISdata\Contours\SHP\6445_1842b_ct_polylines.shp;I:\GISdata\Contours\SHP\6445_1842c_ct_polylines.shp;I:\GISdata\Contours\SHP\6445_1842d_ct_polylines.shp;I:\GISdata\Contours\SHP\6445_1847a_ct_polylines.shp;I:\GISdata\Contours\SHP\6450_1815a_ct_polylines.shp;I:\GISdata\Contours\SHP\6450_1815b_ct_polylines.shp;I:\GISdata\Contours\SHP\6450_1820a_ct_polylines.shp;I:\GISdata\Contours\SHP\6450_1820b_ct_polylines.shp;I:\GISdata\Contours\SHP\6450_1826a_ct_polylines.shp;I:\GISdata\Contours\SHP\6450_1826b_ct_polylines.shp;I:\GISdata\Contours\SHP\6450_1826c_ct_polylines.shp;I:\GISdata\Contours\SHP\6450_1826d_ct_polylines.shp;I:\GISdata\Contours\SHP\6450_1831a_ct_polylines.shp;I:\GISdata\Contours\SHP\6450_1831b_ct_polylines.shp;I:\GISdata\Contours\SHP\6450_1831d_ct_polylines.shp;I:\GISdata\Contours\SHP\6450_1836a_ct_polylines.shp;I:\GISdata\Contours\SHP\6450_1836b_ct_polylines.shp I:\GISdata\Contours\SHP\contours.shp "Layer Layer true false false 254 Text 0 0 ,First,#,I:\GISdata\Contours\SHP\6376_1831b_ct_polylines.shp,Layer,-1,-1,I:\GISdata\Contours\SHP\6376_1831c_ct_polylines.shp,Layer,-1,-1,I:\GISdata\Contours\SHP\6376_1836c_ct_polylines.shp,Layer,-1,-1,I:\GISdata\Contours\SHP\6376_1836d_ct_polylines.shp,Layer,-1,-1,I:\GISdata\Contours\SHP\6376_1842d_ct_polylines.shp,Layer,-1,-1,I:\GISdata\Contours\SHP\6382_1831b_ct_polylines.shp,Layer,-1,-1,I:\GISdata\Contours\SHP\6382_1831c_ct_polylines.shp,Layer,-1,-1,I:\GISdata\Contours\SHP\6382_1836a_ct_polylines.shp,Layer,-1,-1,I:\GISdata\Contours\SHP\6382_1836b_ct_polylines.shp,Layer,-1,-1,I:\GISdata\Contours\SHP\6382_1836c_ct_polylines.shp,Layer,-1,-1,I:\GISdata\Contours\SHP\6382_1836d_ct_polylines.shp,Layer,-1,-1,I:\GISdata\Contours\SHP\6382_1842a_ct_polylines.shp,Layer,-1,-1,I:\GISdata\Contours\SHP\6382_1842b_ct_polylines.shp,Layer,-1,-1,I:\GISdata\Contours\SHP\6382_1842c_ct_polylines.shp,Layer,-1,-1,I:\GISdata\Contours\SHP\6382_1842d_ct_polylines.shp,Layer,-1,-1,I:\GISdata\Contours\SHP\6382_1847a_ct_polylines.shp,Layer,-1,-1,I:\GISdata\Contours\SHP\6382_1847c_ct_polylines.shp,Layer,-1,-1,I:\GISdata\Contours\SHP\6382_1847d_ct_polylines.shp,Layer,-1,-1,I:\GISdata\Contours\SHP\6382_1852d_ct_polylines.shp,Layer,-1,-1,I:\GISdata\Contours\SHP\6387_1831c_ct_polylines.shp,Layer,-1,-1,I:\GISdata\Contours\SHP\6387_1836a_ct_polylines.shp,Layer,-1,-1,I:\GISdata\Contours\SHP\6387_1836b_ct_polylines.shp,Layer,-1,-1,I:\GISdata\Contours\SHP\6387_1836c_ct_polylines.shp,Layer,-1,-1,I:\GISdata\Contours\SHP\6387_1836d_ct_polylines.shp,Layer,-1,-1,I:\GISdata\Contours\SHP\6387_1842a_ct_polylines.shp,Layer,-1,-1,I:\GISdata\Contours\SHP\6387_1842b_ct_polylines.shp,Layer,-1,-1,I:\GISdata\Contours\SHP\6387_1842c_ct_polylines.shp,Layer,-1,-1,I:\GISdata\Contours\SHP\6387_1842d_ct_polylines.shp,Layer,-1,-1,I:\GISdata\Contours\SHP\6387_1847a_ct_polylines.shp,Layer,-1,-1,I:\GISdata\Contours\SHP\6387_1847b_ct_polylines.shp,Layer,-1,-1,I:\GISdata\Contours\SHP\6387_1847c_ct_polylines.shp,Layer,-1,-1,I:\GISdata\Contours\SHP\6387_1847d_ct_polylines.shp,Layer,-1,-1,I:\GISdata\Contours\SHP\6387_1852a_ct_polylines.shp,Layer,-1,-1,I:\GISdata\Contours\SHP\6387_1852b_ct_polylines.shp,Layer,-1,-1,I:\GISdata\Contours\SHP\6387_1852c_ct_polylines.shp,Layer,-1,-1,I:\GISdata\Contours\SHP\6387_1852d_ct_polylines.shp,Layer,-1,-1,I:\GISdata\Contours\SHP\6387_1857d_ct_polylines.shp,Layer,-1,-1,I:\GISdata\Contours\SHP\6392_1831b_ct_polylines.shp,Layer,-1,-1,I:\GISdata\Contours\SHP\6392_1831c_ct_polylines.shp,Layer,-1,-1,I:\GISdata\Contours\SHP\6392_1836a_ct_polylines.shp,Layer,-1,-1,I:\GISdata\Contours\SHP\6392_1836b_ct_polylines.shp,Layer,-1,-1,I:\GISdata\Contours\SHP\6392_1836c_ct_polylines.shp,Layer,-1,-1,I:\GISdata\Contours\SHP\6392_1836d_ct_polylines.shp,Layer,-1,-1,I:\GISdata\Contours\SHP\6392_1842a_ct_polylines.shp,Layer,-1,-1,I:\GISdata\Contours\SHP\6392_1842b_ct_polylines.shp,Layer,-1,-1,I:\GISdata\Contours\SHP\6392_1842c_ct_polylines.shp,Layer,-1,-1,I:\GISdata\Contours\SHP\6392_1842d_ct_polylines.shp,Layer,-1,-1,I:\GISdata\Contours\SHP\6392_1847a_ct_polylines.shp,Layer,-1,-1,I:\GISdata\Contours\SHP\6392_1847b_ct_polylines.shp,Layer,-1,-1,I:\GISdata\Contours\SHP\6392_1847c_ct_polylines.shp,Layer,-1,-1,I:\GISdata\Contours\SHP\6392_1847d_ct_polylines.shp,Layer,-1,-1,I:\GISdata\Contours\SHP\6392_1852a_ct_polylines.shp,Layer,-1,-1,I:\GISdata\Contours\SHP\6392_1852b_ct_polylines.shp,Layer,-1,-1,I:\GISdata\Contours\SHP\6392_1852c_ct_polylines.shp,Layer,-1,-1,I:\GISdata\Contours\SHP\6392_1852d_ct_polylines.shp,Layer,-1,-1,I:\GISdata\Contours\SHP\6392_1857a_ct_polylines.shp,Layer,-1,-1,I:\GISdata\Contours\SHP\6392_1857b_ct_polylines.shp,Layer,-1,-1,I:\GISdata\Contours\SHP\6392_1857c_ct_polylines.shp,Layer,-1,-1,I:\GISdata\Contours\SHP\6392_1857d_ct_polylines.shp,Layer,-1,-1,I:\GISdata\Contours\SHP\6397_1831b_ct_polylines.shp,Layer,-1,-1,I:\GISdata\Contours\SHP\6397_1831c_ct_polylines.shp,Layer,-1,-1,I:\GISdata\Contours\SHP\6397_1831d_ct_polylines.shp,Layer,-1,-1,I:\GISdata\Contours\SHP\6397_1836a_ct_polylines.shp,Layer,-1,-1,I:\GISdata\Contours\SHP\6397_1836b_ct_polylines.shp,Layer,-1,-1,I:\GISdata\Contours\SHP\6397_1836c_ct_polylines.shp,Layer,-1,-1,I:\GISdata\Contours\SHP\6397_1836d_ct_polylines.shp,Layer,-1,-1,I:\GISdata\Contours\SHP\6397_1842a_ct_polylines.shp,Layer,-1,-1,I:\GISdata\Contours\SHP\6397_1842b_ct_polylines.shp,Layer,-1,-1,I:\GISdata\Contours\SHP\6397_1842c_ct_polylines.shp,Layer,-1,-1,I:\GISdata\Contours\SHP\6397_1842d_ct_polylines.shp,Layer,-1,-1,I:\GISdata\Contours\SHP\6397_1847a_ct_polylines.shp,Layer,-1,-1,I:\GISdata\Contours\SHP\6397_1847b_ct_polylines.shp,Layer,-1,-1,I:\GISdata\Contours\SHP\6397_1847c_ct_polylines.shp,Layer,-1,-1,I:\GISdata\Contours\SHP\6397_1847d_ct_polylines.shp,Layer,-1,-1,I:\GISdata\Contours\SHP\6397_1852a_ct_polylines.shp,Layer,-1,-1,I:\GISdata\Contours\SHP\6397_1852b_ct_polylines.shp,Layer,-1,-1,I:\GISdata\Contours\SHP\6397_1852c_ct_polylines.shp,Layer,-1,-1,I:\GISdata\Contours\SHP\6397_1852d_ct_polylines.shp,Layer,-1,-1,I:\GISdata\Contours\SHP\6397_1857a_ct_polylines.shp,Layer,-1,-1,I:\GISdata\Contours\SHP\6397_1857b_ct_polylines.shp,Layer,-1,-1,I:\GISdata\Contours\SHP\6397_1857c_ct_polylines.shp,Layer,-1,-1,I:\GISdata\Contours\SHP\6397_1857d_ct_polylines.shp,Layer,-1,-1,I:\GISdata\Contours\SHP\6397_1863a_ct_polylines.shp,Layer,-1,-1,I:\GISdata\Contours\SHP\6397_1863c_ct_polylines.shp,Layer,-1,-1,I:\GISdata\Contours\SHP\6397_1863d_ct_polylines.shp,Layer,-1,-1,I:\GISdata\Contours\SHP\6403_1826b_ct_polylines.shp,Layer,-1,-1,I:\GISdata\Contours\SHP\6403_1826c_ct_polylines.shp,Layer,-1,-1,I:\GISdata\Contours\SHP\6403_1826d_ct_polylines.shp,Layer,-1,-1,I:\GISdata\Contours\SHP\6403_1831a_ct_Polylines.shp,Layer,-1,-1,I:\GISdata\Contours\SHP\6403_1831b_ct_polylines.shp,Layer,-1,-1,I:\GISdata\Contours\SHP\6403_1831c_ct_polylines.shp,Layer,-1,-1,I:\GISdata\Contours\SHP\6403_1831d_ct_polylines.shp,Layer,-1,-1,I:\GISdata\Contours\SHP\6403_1836a_ct_polylines.shp,Layer,-1,-1,I:\GISdata\Contours\SHP\6403_1836b_ct_polylines.shp,Layer,-1,-1,I:\GISdata\Contours\SHP\6403_1836c_ct_polylines.shp,Layer,-1,-1,I:\GISdata\Contours\SHP\6403_1836d_ct_polylines.shp,Layer,-1,-1,I:\GISdata\Contours\SHP\6403_1842a_ct_polylines.shp,Layer,-1,-1,I:\GISdata\Contours\SHP\6403_1842b_ct_polylines.shp,Layer,-1,-1,I:\GISdata\Contours\SHP\6403_1842c_ct_polylines.shp,Layer,-1,-1,I:\GISdata\Contours\SHP\6403_1842d_ct_polylines.shp,Layer,-1,-1,I:\GISdata\Contours\SHP\6403_1847a_ct_polylines.shp,Layer,-1,-1,I:\GISdata\Contours\SHP\6403_1847b_ct_polylines.shp,Layer,-1,-1,I:\GISdata\Contours\SHP\6403_1847c_ct_polylines.shp,Layer,-1,-1,I:\GISdata\Contours\SHP\6403_1847d_ct_polylines.shp,Layer,-1,-1,I:\GISdata\Contours\SHP\6403_1852a_ct_polylines.shp,Layer,-1,-1,I:\GISdata\Contours\SHP\6403_1852b_ct_polylines.shp,Layer,-1,-1,I:\GISdata\Contours\SHP\6403_1852c_ct_polylines.shp,Layer,-1,-1,I:\GISdata\Contours\SHP\6403_1852d_ct_polylines.shp,Layer,-1,-1,I:\GISdata\Contours\SHP\6403_1857a_ct_polylines.shp,Layer,-1,-1,I:\GISdata\Contours\SHP\6403_1857b_ct_polylines.shp,Layer,-1,-1,I:\GISdata\Contours\SHP\6403_1857c_ct_polylines.shp,Layer,-1,-1,I:\GISdata\Contours\SHP\6403_1857d_ct_polylines.shp,Layer,-1,-1,I:\GISdata\Contours\SHP\6403_1863a_ct_polylines.shp,Layer,-1,-1,I:\GISdata\Contours\SHP\6403_1863b_ct_polylines.shp,Layer,-1,-1,I:\GISdata\Contours\SHP\6403_1863c_ct_polylines.shp,Layer,-1,-1,I:\GISdata\Contours\SHP\6403_1863d_ct_polylines.shp,Layer,-1,-1,I:\GISdata\Contours\SHP\6408_1820b_ct_polylines.shp,Layer,-1,-1,I:\GISdata\Contours\SHP\6408_1820c_ct_Polylines.shp,Layer,-1,-1,I:\GISdata\Contours\SHP\6408_1820d_ct_polylines.shp,Layer,-1,-1,I:\GISdata\Contours\SHP\6408_1826a_ct_polylines.shp,Layer,-1,-1,I:\GISdata\Contours\SHP\6408_1826b_ct_polylines.shp,Layer,-1,-1,I:\GISdata\Contours\SHP\6408_1826c_ct_polylines.shp,Layer,-1,-1,I:\GISdata\Contours\SHP\6408_1826d_ct_polylines.shp,Layer,-1,-1,I:\GISdata\Contours\SHP\6408_1831a_ct_polylines.shp,Layer,-1,-1,I:\GISdata\Contours\SHP\6408_1831b_ct_polylines.shp,Layer,-1,-1,I:\GISdata\Contours\SHP\6408_1831c_ct_polylines.shp,Layer,-1,-1,I:\GISdata\Contours\SHP\6408_1831d_ct_polylines.shp,Layer,-1,-1,I:\GISdata\Contours\SHP\6408_1836a_ct_polylines.shp,Layer,-1,-1,I:\GISdata\Contours\SHP\6408_1836b_ct_polylines.shp,Layer,-1,-1,I:\GISdata\Contours\SHP\6408_1836c_ct_polylines.shp,Layer,-1,-1,I:\GISdata\Contours\SHP\6408_1836d_ct_polylines.shp,Layer,-1,-1,I:\GISdata\Contours\SHP\6408_1842a_ct_polylines.shp,Layer,-1,-1,I:\GISdata\Contours\SHP\6408_1842b_ct_polylines.shp,Layer,-1,-1,I:\GISdata\Contours\SHP\6408_1842c_ct_polylines.shp,Layer,-1,-1,I:\GISdata\Contours\SHP\6408_1842d_ct_polylines.shp,Layer,-1,-1,I:\GISdata\Contours\SHP\6408_1847a_ct_polylines.shp,Layer,-1,-1,I:\GISdata\Contours\SHP\6408_1847b_ct_polylines.shp,Layer,-1,-1,I:\GISdata\Contours\SHP\6408_1847c_ct_polylines.shp,Layer,-1,-1,I:\GISdata\Contours\SHP\6408_1847d_ct_polylines.shp,Layer,-1,-1,I:\GISdata\Contours\SHP\6408_1852a_ct_polylines.shp,Layer,-1,-1,I:\GISdata\Contours\SHP\6408_1852b_ct_polylines.shp,Layer,-1,-1,I:\GISdata\Contours\SHP\6408_1852c_ct_polylines.shp,Layer,-1,-1,I:\GISdata\Contours\SHP\6408_1852d_ct_polylines.shp,Layer,-1,-1,I:\GISdata\Contours\SHP\6408_1857a_ct_polylines.shp,Layer,-1,-1,I:\GISdata\Contours\SHP\6408_1857b_ct_polylines.shp,Layer,-1,-1,I:\GISdata\Contours\SHP\6408_1857c_ct_polylines.shp,Layer,-1,-1,I:\GISdata\Contours\SHP\6408_1857d_ct_polylines.shp,Layer,-1,-1,I:\GISdata\Contours\SHP\6408_1863a_ct_polylines.shp,Layer,-1,-1,I:\GISdata\Contours\SHP\6408_1863b_ct_polylines.shp,Layer,-1,-1,I:\GISdata\Contours\SHP\6408_1863c_ct_polylines.shp,Layer,-1,-1,I:\GISdata\Contours\SHP\6408_1863d_ct_polylines.shp,Layer,-1,-1,I:\GISdata\Contours\SHP\6413_1810c_ct_polylines.shp,Layer,-1,-1,I:\GISdata\Contours\SHP\6413_1815b_ct_polylines.shp,Layer,-1,-1,I:\GISdata\Contours\SHP\6413_1815c_ct_Polylines.shp,Layer,-1,-1,I:\GISdata\Contours\SHP\6413_1815d_ct_polylines.shp,Layer,-1,-1,I:\GISdata\Contours\SHP\6413_1820a_ct_polylines.shp,Layer,-1,-1,I:\GISdata\Contours\SHP\6413_1820b_ct_polylines.shp,Layer,-1,-1,I:\GISdata\Contours\SHP\6413_1820c_ct_polylines.shp,Layer,-1,-1,I:\GISdata\Contours\SHP\6413_1820d_ct_polylines.shp,Layer,-1,-1,I:\GISdata\Contours\SHP\6413_1826a_ct_polylines.shp,Layer,-1,-1,I:\GISdata\Contours\SHP\6413_1826b_ct_polylines.shp,Layer,-1,-1,I:\GISdata\Contours\SHP\6413_1826c_ct_polylines.shp,Layer,-1,-1,I:\GISdata\Contours\SHP\6413_1826d_ct_polylines.shp,Layer,-1,-1,I:\GISdata\Contours\SHP\6413_1831a_ct_polylines.shp,Layer,-1,-1,I:\GISdata\Contours\SHP\6413_1831b_ct_polylines.shp,Layer,-1,-1,I:\GISdata\Contours\SHP\6413_1831c_ct_polylines.shp,Layer,-1,-1,I:\GISdata\Contours\SHP\6413_1831d_ct_polylines.shp,Layer,-1,-1,I:\GISdata\Contours\SHP\6413_1836a_ct_polylines.shp,Layer,-1,-1,I:\GISdata\Contours\SHP\6413_1836b_ct_polylines.shp,Layer,-1,-1,I:\GISdata\Contours\SHP\6413_1836c_ct_polylines.shp,Layer,-1,-1,I:\GISdata\Contours\SHP\6413_1836d_ct_polylines.shp,Layer,-1,-1,I:\GISdata\Contours\SHP\6413_1842a_ct_polylines.shp,Layer,-1,-1,I:\GISdata\Contours\SHP\6413_1842b_ct_polylines.shp,Layer,-1,-1,I:\GISdata\Contours\SHP\6413_1842c_ct_polylines.shp,Layer,-1,-1,I:\GISdata\Contours\SHP\6413_1842d_ct_polylines.shp,Layer,-1,-1,I:\GISdata\Contours\SHP\6413_1847a_ct_polylines.shp,Layer,-1,-1,I:\GISdata\Contours\SHP\6413_1847b_ct_polylines.shp,Layer,-1,-1,I:\GISdata\Contours\SHP\6413_1847c_ct_polylines.shp,Layer,-1,-1,I:\GISdata\Contours\SHP\6413_1847d_ct_polylines.shp,Layer,-1,-1,I:\GISdata\Contours\SHP\6413_1852a_ct_polylines.shp,Layer,-1,-1,I:\GISdata\Contours\SHP\6413_1852b_ct_polylines.shp,Layer,-1,-1,I:\GISdata\Contours\SHP\6413_1852c_ct_polylines.shp,Layer,-1,-1,I:\GISdata\Contours\SHP\6413_1852d_ct_polylines.shp,Layer,-1,-1,I:\GISdata\Contours\SHP\6413_1857a_ct_polylines.shp,Layer,-1,-1,I:\GISdata\Contours\SHP\6413_1857b_ct_polylines.shp,Layer,-1,-1,I:\GISdata\Contours\SHP\6413_1857c_ct_polylines.shp,Layer,-1,-1,I:\GISdata\Contours\SHP\6413_1857d_ct_polylines.shp,Layer,-1,-1,I:\GISdata\Contours\SHP\6413_1863a_ct_polylines.shp,Layer,-1,-1,I:\GISdata\Contours\SHP\6413_1863b_ct_polylines.shp,Layer,-1,-1,I:\GISdata\Contours\SHP\6413_1863c_ct_polylines.shp,Layer,-1,-1,I:\GISdata\Contours\SHP\6413_1863d_ct_polylines.shp,Layer,-1,-1,I:\GISdata\Contours\SHP\6418_1805a_ct_polylines.shp,Layer,-1,-1,I:\GISdata\Contours\SHP\6418_1805b_ct_polylines.shp,Layer,-1,-1,I:\GISdata\Contours\SHP\6418_1805c_ct_Polylines.shp,Layer,-1,-1,I:\GISdata\Contours\SHP\6418_1805d_ct_polylines.shp,Layer,-1,-1,I:\GISdata\Contours\SHP\6418_1810a_ct_polylines.shp,Layer,-1,-1,I:\GISdata\Contours\SHP\6418_1810b_ct_Polylines.shp,Layer,-1,-1,I:\GISdata\Contours\SHP\6418_1810c_ct_Polylines.shp,Layer,-1,-1,I:\GISdata\Contours\SHP\6418_1810d_ct_Polylines.shp,Layer,-1,-1,I:\GISdata\Contours\SHP\6418_1815a_ct_Polylines.shp,Layer,-1,-1,I:\GISdata\Contours\SHP\6418_1815b_ct_Polylines.shp,Layer,-1,-1,I:\GISdata\Contours\SHP\6418_1815c_ct_Polylines.shp,Layer,-1,-1,I:\GISdata\Contours\SHP\6418_1815d_ct_Polylines.shp,Layer,-1,-1,I:\GISdata\Contours\SHP\6418_1820a_ct_polylines.shp,Layer,-1,-1,I:\GISdata\Contours\SHP\6418_1820b_ct_polylines.shp,Layer,-1,-1,I:\GISdata\Contours\SHP\6418_1820c_ct_polylines.shp,Layer,-1,-1,I:\GISdata\Contours\SHP\6418_1820d_ct_polylines.shp,Layer,-1,-1,I:\GISdata\Contours\SHP\6418_1826a_ct_polylines.shp,Layer,-1,-1,I:\GISdata\Contours\SHP\6418_1826b_ct_polylines.shp,Layer,-1,-1,I:\GISdata\Contours\SHP\6418_1826c_ct_polylines.shp,Layer,-1,-1,I:\GISdata\Contours\SHP\6418_1826d_ct_polylines.shp,Layer,-1,-1,I:\GISdata\Contours\SHP\6418_1831a_ct_polylines.shp,Layer,-1,-1,I:\GISdata\Contours\SHP\6418_1831b_ct_polylines.shp,Layer,-1,-1,I:\GISdata\Contours\SHP\6418_1831c_ct_polylines.shp,Layer,-1,-1,I:\GISdata\Contours\SHP\6418_1831d_ct_polylines.shp,Layer,-1,-1,I:\GISdata\Contours\SHP\6418_1836a_ct_polylines.shp,Layer,-1,-1,I:\GISdata\Contours\SHP\6418_1836b_ct_polylines.shp,Layer,-1,-1,I:\GISdata\Contours\SHP\6418_1836c_ct_polylines.shp,Layer,-1,-1,I:\GISdata\Contours\SHP\6418_1836d_ct_polylines.shp,Layer,-1,-1,I:\GISdata\Contours\SHP\6418_1842a_ct_polylines.shp,Layer,-1,-1,I:\GISdata\Contours\SHP\6418_1842b_ct_polylines.shp,Layer,-1,-1,I:\GISdata\Contours\SHP\6418_1842c_ct_polylines.shp,Layer,-1,-1,I:\GISdata\Contours\SHP\6418_1842d_ct_polylines.shp,Layer,-1,-1,I:\GISdata\Contours\SHP\6418_1847a_ct_polylines.shp,Layer,-1,-1,I:\GISdata\Contours\SHP\6418_1847b_ct_polylines.shp,Layer,-1,-1,I:\GISdata\Contours\SHP\6418_1847c_ct_polylines.shp,Layer,-1,-1,I:\GISdata\Contours\SHP\6418_1847d_ct_polylines.shp,Layer,-1,-1,I:\GISdata\Contours\SHP\6418_1852a_ct_polylines.shp,Layer,-1,-1,I:\GISdata\Contours\SHP\6418_1852b_ct_polylines.shp,Layer,-1,-1,I:\GISdata\Contours\SHP\6418_1852c_ct_polylines.shp,Layer,-1,-1,I:\GISdata\Contours\SHP\6418_1852d_ct_polylines.shp,Layer,-1,-1,I:\GISdata\Contours\SHP\6418_1857a_ct_polylines.shp,Layer,-1,-1,I:\GISdata\Contours\SHP\6418_1857b_ct_polylines.shp,Layer,-1,-1,I:\GISdata\Contours\SHP\6418_1857c_ct_polylines.shp,Layer,-1,-1,I:\GISdata\Contours\SHP\6418_1857d_ct_polylines.shp,Layer,-1,-1,I:\GISdata\Contours\SHP\6418_1863a_ct_polylines.shp,Layer,-1,-1,I:\GISdata\Contours\SHP\6418_1863b_ct_polylines.shp,Layer,-1,-1,I:\GISdata\Contours\SHP\6418_1863d_ct_polylines.shp,Layer,-1,-1,I:\GISdata\Contours\SHP\6424_1794c_ct_polylines.shp,Layer,-1,-1,I:\GISdata\Contours\SHP\6424_1799a_ct_polylines.shp,Layer,-1,-1,I:\GISdata\Contours\SHP\6424_1799b_ct_polylines.shp,Layer,-1,-1,I:\GISdata\Contours\SHP\6424_1799c_ct_polylines.shp,Layer,-1,-1,I:\GISdata\Contours\SHP\6424_1799d_ct_polylines.shp,Layer,-1,-1,I:\GISdata\Contours\SHP\6424_1805a_ct_polylines.shp,Layer,-1,-1,I:\GISdata\Contours\SHP\6424_1805b_ct_Polylines.shp,Layer,-1,-1,I:\GISdata\Contours\SHP\6424_1805c_ct_Polylines.shp,Layer,-1,-1,I:\GISdata\Contours\SHP\6424_1805d_ct_polylines.shp,Layer,-1,-1,I:\GISdata\Contours\SHP\6424_1810a_ct_Polylines.shp,Layer,-1,-1,I:\GISdata\Contours\SHP\6424_1810b_ct_polylines.shp,Layer,-1,-1,I:\GISdata\Contours\SHP\6424_1810c_ct_Polylines.shp,Layer,-1,-1,I:\GISdata\Contours\SHP\6424_1810d_ct_Polylines.shp,Layer,-1,-1,I:\GISdata\Contours\SHP\6424_1815a_ct_Polylines.shp,Layer,-1,-1,I:\GISdata\Contours\SHP\6424_1815b_ct_Polylines.shp,Layer,-1,-1,I:\GISdata\Contours\SHP\6424_1815c_ct_polylines.shp,Layer,-1,-1,I:\GISdata\Contours\SHP\6424_1815d_ct_Polylines.shp,Layer,-1,-1,I:\GISdata\Contours\SHP\6424_1820a_ct_polylines.shp,Layer,-1,-1,I:\GISdata\Contours\SHP\6424_1820b_ct_polylines.shp,Layer,-1,-1,I:\GISdata\Contours\SHP\6424_1820c_ct_polylines.shp,Layer,-1,-1,I:\GISdata\Contours\SHP\6424_1820d_ct_polylines.shp,Layer,-1,-1,I:\GISdata\Contours\SHP\6424_1826a_ct_polylines.shp,Layer,-1,-1,I:\GISdata\Contours\SHP\6424_1826b_ct_polylines.shp,Layer,-1,-1,I:\GISdata\Contours\SHP\6424_1826c_ct_polylines.shp,Layer,-1,-1,I:\GISdata\Contours\SHP\6424_1826d_ct_Polylines.shp,Layer,-1,-1,I:\GISdata\Contours\SHP\6424_1831a_ct_polylines.shp,Layer,-1,-1,I:\GISdata\Contours\SHP\6424_1831b_ct_polylines.shp,Layer,-1,-1,I:\GISdata\Contours\SHP\6424_1831c_ct_polylines.shp,Layer,-1,-1,I:\GISdata\Contours\SHP\6424_1831d_ct_polylines.shp,Layer,-1,-1,I:\GISdata\Contours\SHP\6424_1836a_ct_polylines.shp,Layer,-1,-1,I:\GISdata\Contours\SHP\6424_1836b_ct_polylines.shp,Layer,-1,-1,I:\GISdata\Contours\SHP\6424_1836c_ct_polylines.shp,Layer,-1,-1,I:\GISdata\Contours\SHP\6424_1836d_ct_polylines.shp,Layer,-1,-1,I:\GISdata\Contours\SHP\6424_1842a_ct_polylines.shp,Layer,-1,-1,I:\GISdata\Contours\SHP\6424_1842b_ct_polylines.shp,Layer,-1,-1,I:\GISdata\Contours\SHP\6424_1842c_ct_polylines.shp,Layer,-1,-1,I:\GISdata\Contours\SHP\6424_1842d_ct_polylines.shp,Layer,-1,-1,I:\GISdata\Contours\SHP\6424_1847a_ct_polylines.shp,Layer,-1,-1,I:\GISdata\Contours\SHP\6424_1847b_ct_polylines.shp,Layer,-1,-1,I:\GISdata\Contours\SHP\6424_1847c_ct_polylines.shp,Layer,-1,-1,I:\GISdata\Contours\SHP\6424_1847d_ct_polylines.shp,Layer,-1,-1,I:\GISdata\Contours\SHP\6424_1852a_ct_polylines.shp,Layer,-1,-1,I:\GISdata\Contours\SHP\6424_1852b_ct_polylines.shp,Layer,-1,-1,I:\GISdata\Contours\SHP\6424_1852c_ct_polylines.shp,Layer,-1,-1,I:\GISdata\Contours\SHP\6424_1852d_ct_polylines.shp,Layer,-1,-1,I:\GISdata\Contours\SHP\6424_1857a_ct_polylines.shp,Layer,-1,-1,I:\GISdata\Contours\SHP\6424_1857b_ct_polylines.shp,Layer,-1,-1,I:\GISdata\Contours\SHP\6424_1857c_ct_polylines.shp,Layer,-1,-1,I:\GISdata\Contours\SHP\6424_1857d_ct_polylines.shp,Layer,-1,-1,I:\GISdata\Contours\SHP\6424_1863a_ct_polylines.shp,Layer,-1,-1,I:\GISdata\Contours\SHP\6424_1863d_ct_polylines.shp,Layer,-1,-1,I:\GISdata\Contours\SHP\6429_1794b_ct_polylines.shp,Layer,-1,-1,I:\GISdata\Contours\SHP\6429_1799a_ct_polylines.shp,Layer,-1,-1,I:\GISdata\Contours\SHP\6429_1799b_ct_polylines.shp,Layer,-1,-1,I:\GISdata\Contours\SHP\6429_1799c_ct_polylines.shp,Layer,-1,-1,I:\GISdata\Contours\SHP\6429_1799d_ct_polylines.shp,Layer,-1,-1,I:\GISdata\Contours\SHP\6429_1805a_ct_polylines.shp,Layer,-1,-1,I:\GISdata\Contours\SHP\6429_1805b_ct_Polylines.shp,Layer,-1,-1,I:\GISdata\Contours\SHP\6429_1805c_ct_Polylines.shp,Layer,-1,-1,I:\GISdata\Contours\SHP\6429_1805d_ct_polylines.shp,Layer,-1,-1,I:\GISdata\Contours\SHP\6429_1810a_ct_Polylines.shp,Layer,-1,-1,I:\GISdata\Contours\SHP\6429_1810b_ct_Polylines.shp,Layer,-1,-1,I:\GISdata\Contours\SHP\6429_1810c_ct_Polylines.shp,Layer,-1,-1,I:\GISdata\Contours\SHP\6429_1810d_ct_Polylines.shp,Layer,-1,-1,I:\GISdata\Contours\SHP\6429_1815a_ct_polylines.shp,Layer,-1,-1,I:\GISdata\Contours\SHP\6429_1815b_ct_polylines.shp,Layer,-1,-1,I:\GISdata\Contours\SHP\6429_1815c_ct_Polylines.shp,Layer,-1,-1,I:\GISdata\Contours\SHP\6429_1815d_ct_Polylines.shp,Layer,-1,-1,I:\GISdata\Contours\SHP\6429_1820a_ct_polylines.shp,Layer,-1,-1,I:\GISdata\Contours\SHP\6429_1820b_ct_polylines.shp,Layer,-1,-1,I:\GISdata\Contours\SHP\6429_1820c_ct_polylines.shp,Layer,-1,-1,I:\GISdata\Contours\SHP\6429_1820d_ct_polylines.shp,Layer,-1,-1,I:\GISdata\Contours\SHP\6429_1826a_ct_polylines.shp,Layer,-1,-1,I:\GISdata\Contours\SHP\6429_1826b_ct_polylines.shp,Layer,-1,-1,I:\GISdata\Contours\SHP\6429_1826c_ct_polylines.shp,Layer,-1,-1,I:\GISdata\Contours\SHP\6429_1826d_ct_polylines.shp,Layer,-1,-1,I:\GISdata\Contours\SHP\6429_1831a_ct_Polylines.shp,Layer,-1,-1,I:\GISdata\Contours\SHP\6429_1831b_ct_polylines.shp,Layer,-1,-1,I:\GISdata\Contours\SHP\6429_1831c_ct_polylines.shp,Layer,-1,-1,I:\GISdata\Contours\SHP\6429_1831d_ct_polylines.shp,Layer,-1,-1,I:\GISdata\Contours\SHP\6429_1836a_ct_polylines.shp,Layer,-1,-1,I:\GISdata\Contours\SHP\6429_1836b_ct_polylines.shp,Layer,-1,-1,I:\GISdata\Contours\SHP\6429_1836c_ct_polylines.shp,Layer,-1,-1,I:\GISdata\Contours\SHP\6429_1836d_ct_polylines.shp,Layer,-1,-1,I:\GISdata\Contours\SHP\6429_1842a_ct_polylines.shp,Layer,-1,-1,I:\GISdata\Contours\SHP\6429_1842b_ct_polylines.shp,Layer,-1,-1,I:\GISdata\Contours\SHP\6429_1842c_ct_polylines.shp,Layer,-1,-1,I:\GISdata\Contours\SHP\6429_1842d_ct_polylines.shp,Layer,-1,-1,I:\GISdata\Contours\SHP\6429_1847a_ct_polylines.shp,Layer,-1,-1,I:\GISdata\Contours\SHP\6429_1847b_ct_polylines.shp,Layer,-1,-1,I:\GISdata\Contours\SHP\6429_1847c_ct_polylines.shp,Layer,-1,-1,I:\GISdata\Contours\SHP\6429_1847d_ct_polylines.shp,Layer,-1,-1,I:\GISdata\Contours\SHP\6429_1852a_ct_polylines.shp,Layer,-1,-1,I:\GISdata\Contours\SHP\6429_1852b_ct_polylines.shp,Layer,-1,-1,I:\GISdata\Contours\SHP\6429_1852c_ct_polylines.shp,Layer,-1,-1,I:\GISdata\Contours\SHP\6429_1852d_ct_polylines.shp,Layer,-1,-1,I:\GISdata\Contours\SHP\6429_1857a_ct_polylines.shp,Layer,-1,-1,I:\GISdata\Contours\SHP\6429_1857b_ct_polylines.shp,Layer,-1,-1,I:\GISdata\Contours\SHP\6429_1857c_ct_polylines.shp,Layer,-1,-1,I:\GISdata\Contours\SHP\6429_1857d_ct_polylines.shp,Layer,-1,-1,I:\GISdata\Contours\SHP\6434_1799a_ct_polylines.shp,Layer,-1,-1,I:\GISdata\Contours\SHP\6434_1799b_ct_polylines.shp,Layer,-1,-1,I:\GISdata\Contours\SHP\6434_1799c_ct_polylines.shp,Layer,-1,-1,I:\GISdata\Contours\SHP\6434_1805a_ct_polylines.shp,Layer,-1,-1,I:\GISdata\Contours\SHP\6434_1805b_ct_polylines.shp,Layer,-1,-1,I:\GISdata\Contours\SHP\6434_1805c_ct_polylines.shp,Layer,-1,-1,I:\GISdata\Contours\SHP\6434_1805d_ct_polylines.shp,Layer,-1,-1,I:\GISdata\Contours\SHP\6434_1810a_ct_polylines.shp,Layer,-1,-1,I:\GISdata\Contours\SHP\6434_1810b_ct_polylines.shp,Layer,-1,-1,I:\GISdata\Contours\SHP\6434_1810c_ct_polylines.shp,Layer,-1,-1,I:\GISdata\Contours\SHP\6434_1810d_ct_polylines.shp,Layer,-1,-1,I:\GISdata\Contours\SHP\6434_1815a_ct_Polylines.shp,Layer,-1,-1,I:\GISdata\Contours\SHP\6434_1815b_ct_Polylines.shp,Layer,-1,-1,I:\GISdata\Contours\SHP\6434_1815c_ct_Polylines.shp,Layer,-1,-1,I:\GISdata\Contours\SHP\6434_1815d_ct_Polylines.shp,Layer,-1,-1,I:\GISdata\Contours\SHP\6434_1820a_ct_polylines.shp,Layer,-1,-1,I:\GISdata\Contours\SHP\6434_1820b_ct_polylines.shp,Layer,-1,-1,I:\GISdata\Contours\SHP\6434_1820c_ct_polylines.shp,Layer,-1,-1,I:\GISdata\Contours\SHP\6434_1820d_ct_polylines.shp,Layer,-1,-1,I:\GISdata\Contours\SHP\6434_1826a_ct_polylines.shp,Layer,-1,-1,I:\GISdata\Contours\SHP\6434_1826b_ct_polylines.shp,Layer,-1,-1,I:\GISdata\Contours\SHP\6434_1826c_ct_polylines.shp,Layer,-1,-1,I:\GISdata\Contours\SHP\6434_1826d_ct_polylines.shp,Layer,-1,-1,I:\GISdata\Contours\SHP\6434_1831a_ct_polylines.shp,Layer,-1,-1,I:\GISdata\Contours\SHP\6434_1831b_ct_polylines.shp,Layer,-1,-1,I:\GISdata\Contours\SHP\6434_1831c_ct_polylines.shp,Layer,-1,-1,I:\GISdata\Contours\SHP\6434_1831d_ct_polylines.shp,Layer,-1,-1,I:\GISdata\Contours\SHP\6434_1836a_ct_polylines.shp,Layer,-1,-1,I:\GISdata\Contours\SHP\6434_1836b_ct_polylines.shp,Layer,-1,-1,I:\GISdata\Contours\SHP\6434_1836c_ct_polylines.shp,Layer,-1,-1,I:\GISdata\Contours\SHP\6434_1836d_ct_polylines.shp,Layer,-1,-1,I:\GISdata\Contours\SHP\6434_1842a_ct_polylines.shp,Layer,-1,-1,I:\GISdata\Contours\SHP\6434_1842b_ct_polylines.shp,Layer,-1,-1,I:\GISdata\Contours\SHP\6434_1842c_ct_polylines.shp,Layer,-1,-1,I:\GISdata\Contours\SHP\6434_1842d_ct_polylines.shp,Layer,-1,-1,I:\GISdata\Contours\SHP\6434_1847a_ct_polylines.shp,Layer,-1,-1,I:\GISdata\Contours\SHP\6434_1847b_ct_polylines.shp,Layer,-1,-1,I:\GISdata\Contours\SHP\6434_1847c_ct_polylines.shp,Layer,-1,-1,I:\GISdata\Contours\SHP\6434_1847d_ct_polylines.shp,Layer,-1,-1,I:\GISdata\Contours\SHP\6434_1852a_ct_polylines.shp,Layer,-1,-1,I:\GISdata\Contours\SHP\6434_1852b_ct_polylines.shp,Layer,-1,-1,I:\GISdata\Contours\SHP\6434_1852c_ct_polylines.shp,Layer,-1,-1,I:\GISdata\Contours\SHP\6434_1852d_ct_polylines.shp,Layer,-1,-1,I:\GISdata\Contours\SHP\6434_1857a_ct_polylines.shp,Layer,-1,-1,I:\GISdata\Contours\SHP\6440_1805a_ct_polylines.shp,Layer,-1,-1,I:\GISdata\Contours\SHP\6440_1805b_ct_polylines.shp,Layer,-1,-1,I:\GISdata\Contours\SHP\6440_1805c_ct_polylines.shp,Layer,-1,-1,I:\GISdata\Contours\SHP\6440_1805d_ct_polylines.shp,Layer,-1,-1,I:\GISdata\Contours\SHP\6440_1810a_ct_polylines.shp,Layer,-1,-1,I:\GISdata\Contours\SHP\6440_1810b_ct_polylines.shp,Layer,-1,-1,I:\GISdata\Contours\SHP\6440_1810c_ct_polylines.shp,Layer,-1,-1,I:\GISdata\Contours\SHP\6440_1810d_ct_polylines.shp,Layer,-1,-1,I:\GISdata\Contours\SHP\6440_1815a_ct_polylines.shp,Layer,-1,-1,I:\GISdata\Contours\SHP\6440_1815b_ct_polylines.shp,Layer,-1,-1,I:\GISdata\Contours\SHP\6440_1815c_ct_polylines.shp,Layer,-1,-1,I:\GISdata\Contours\SHP\6440_1815d_ct_polylines.shp,Layer,-1,-1,I:\GISdata\Contours\SHP\6440_1820a_ct_polylines.shp,Layer,-1,-1,I:\GISdata\Contours\SHP\6440_1820b_ct_polylines.shp,Layer,-1,-1,I:\GISdata\Contours\SHP\6440_1820c_ct_polylines.shp,Layer,-1,-1,I:\GISdata\Contours\SHP\6440_1820d_ct_polylines.shp,Layer,-1,-1,I:\GISdata\Contours\SHP\6440_1826a_ct_polylines.shp,Layer,-1,-1,I:\GISdata\Contours\SHP\6440_1826b_ct_polylines.shp,Layer,-1,-1,I:\GISdata\Contours\SHP\6440_1826c_ct_polylines.shp,Layer,-1,-1,I:\GISdata\Contours\SHP\6440_1826d_ct_polylines.shp,Layer,-1,-1,I:\GISdata\Contours\SHP\6440_1831a_ct_polylines.shp,Layer,-1,-1,I:\GISdata\Contours\SHP\6440_1831b_ct_polylines.shp,Layer,-1,-1,I:\GISdata\Contours\SHP\6440_1831c_ct_polylines.shp,Layer,-1,-1,I:\GISdata\Contours\SHP\6440_1831d_ct_polylines.shp,Layer,-1,-1,I:\GISdata\Contours\SHP\6440_1836a_ct_polylines.shp,Layer,-1,-1,I:\GISdata\Contours\SHP\6440_1836b_ct_polylines.shp,Layer,-1,-1,I:\GISdata\Contours\SHP\6440_1836c_ct_polylines.shp,Layer,-1,-1,I:\GISdata\Contours\SHP\6440_1836d_ct_polylines.shp,Layer,-1,-1,I:\GISdata\Contours\SHP\6440_1842a_ct_polylines.shp,Layer,-1,-1,I:\GISdata\Contours\SHP\6440_1842b_ct_polylines.shp,Layer,-1,-1,I:\GISdata\Contours\SHP\6440_1842c_ct_polylines.shp,Layer,-1,-1,I:\GISdata\Contours\SHP\6440_1842d_ct_polylines.shp,Layer,-1,-1,I:\GISdata\Contours\SHP\6440_1847a_ct_polylines.shp,Layer,-1,-1,I:\GISdata\Contours\SHP\6440_1847b_ct_polylines.shp,Layer,-1,-1,I:\GISdata\Contours\SHP\6440_1847c_ct_polylines.shp,Layer,-1,-1,I:\GISdata\Contours\SHP\6440_1847d_ct_polylines.shp,Layer,-1,-1,I:\GISdata\Contours\SHP\6440_1852a_ct_polylines.shp,Layer,-1,-1,I:\GISdata\Contours\SHP\6445_1805b_ct_polylines.shp,Layer,-1,-1,I:\GISdata\Contours\SHP\6445_1810a_ct_polylines.shp,Layer,-1,-1,I:\GISdata\Contours\SHP\6445_1810b_ct_polylines.shp,Layer,-1,-1,I:\GISdata\Contours\SHP\6445_1810c_ct_polylines.shp,Layer,-1,-1,I:\GISdata\Contours\SHP\6445_1815a_ct_polylines.shp,Layer,-1,-1,I:\GISdata\Contours\SHP\6445_1815b_ct_polylines.shp,Layer,-1,-1,I:\GISdata\Contours\SHP\6445_1815c_ct_polylines.shp,Layer,-1,-1,I:\GISdata\Contours\SHP\6445_1815d_ct_polylines.shp,Layer,-1,-1,I:\GISdata\Contours\SHP\6445_1820a_ct_polylines.shp,Layer,-1,-1,I:\GISdata\Contours\SHP\6445_1820b_ct_polylines.shp,Layer,-1,-1,I:\GISdata\Contours\SHP\6445_1820c_ct_polylines.shp,Layer,-1,-1,I:\GISdata\Contours\SHP\6445_1820d_ct_polylines.shp,Layer,-1,-1,I:\GISdata\Contours\SHP\6445_1826a_ct_polylines.shp,Layer,-1,-1,I:\GISdata\Contours\SHP\6445_1826b_ct_polylines.shp,Layer,-1,-1,I:\GISdata\Contours\SHP\6445_1826c_ct_polylines.shp,Layer,-1,-1,I:\GISdata\Contours\SHP\6445_1826d_ct_polylines.shp,Layer,-1,-1,I:\GISdata\Contours\SHP\6445_1831a_ct_polylines.shp,Layer,-1,-1,I:\GISdata\Contours\SHP\6445_1831b_ct_polylines.shp,Layer,-1,-1,I:\GISdata\Contours\SHP\6445_1831c_ct_polylines.shp,Layer,-1,-1,I:\GISdata\Contours\SHP\6445_1831d_ct_polylines.shp,Layer,-1,-1,I:\GISdata\Contours\SHP\6445_1836a_ct_polylines.shp,Layer,-1,-1,I:\GISdata\Contours\SHP\6445_1836b_ct_polylines.shp,Layer,-1,-1,I:\GISdata\Contours\SHP\6445_1836c_ct_polylines.shp,Layer,-1,-1,I:\GISdata\Contours\SHP\6445_1836d_ct_polylines.shp,Layer,-1,-1,I:\GISdata\Contours\SHP\6445_1842a_ct_polylines.shp,Layer,-1,-1,I:\GISdata\Contours\SHP\6445_1842b_ct_polylines.shp,Layer,-1,-1,I:\GISdata\Contours\SHP\6445_1842c_ct_polylines.shp,Layer,-1,-1,I:\GISdata\Contours\SHP\6445_1842d_ct_polylines.shp,Layer,-1,-1,I:\GISdata\Contours\SHP\6445_1847a_ct_polylines.shp,Layer,-1,-1,I:\GISdata\Contours\SHP\6450_1815a_ct_polylines.shp,Layer,-1,-1,I:\GISdata\Contours\SHP\6450_1815b_ct_polylines.shp,Layer,-1,-1,I:\GISdata\Contours\SHP\6450_1820a_ct_polylines.shp,Layer,-1,-1,I:\GISdata\Contours\SHP\6450_1820b_ct_polylines.shp,Layer,-1,-1,I:\GISdata\Contours\SHP\6450_1826a_ct_polylines.shp,Layer,-1,-1,I:\GISdata\Contours\SHP\6450_1826b_ct_polylines.shp,Layer,-1,-1,I:\GISdata\Contours\SHP\6450_1826c_ct_polylines.shp,Layer,-1,-1,I:\GISdata\Contours\SHP\6450_1826d_ct_polylines.shp,Layer,-1,-1,I:\GISdata\Contours\SHP\6450_1831a_ct_polylines.shp,Layer,-1,-1,I:\GISdata\Contours\SHP\6450_1831b_ct_polylines.shp,Layer,-1,-1,I:\GISdata\Contours\SHP\6450_1831d_ct_polylines.shp,Layer,-1,-1,I:\GISdata\Contours\SHP\6450_1836a_ct_polylines.shp,Layer,-1,-1,I:\GISdata\Contours\SHP\6450_1836b_ct_polylines.shp,Layer,-1,-1;Elevation Elevation true false false 19 Double 11 18 ,First,#,I:\GISdata\Contours\SHP\6376_1831b_ct_polylines.shp,Elevation,-1,-1,I:\GISdata\Contours\SHP\6376_1831c_ct_polylines.shp,Elevation,-1,-1,I:\GISdata\Contours\SHP\6376_1836c_ct_polylines.shp,Elevation,-1,-1,I:\GISdata\Contours\SHP\6376_1836d_ct_polylines.shp,Elevation,-1,-1,I:\GISdata\Contours\SHP\6376_1842d_ct_polylines.shp,Elevation,-1,-1,I:\GISdata\Contours\SHP\6382_1831b_ct_polylines.shp,Elevation,-1,-1,I:\GISdata\Contours\SHP\6382_1831c_ct_polylines.shp,Elevation,-1,-1,I:\GISdata\Contours\SHP\6382_1836a_ct_polylines.shp,Elevation,-1,-1,I:\GISdata\Contours\SHP\6382_1836b_ct_polylines.shp,Elevation,-1,-1,I:\GISdata\Contours\SHP\6382_1836c_ct_polylines.shp,Elevation,-1,-1,I:\GISdata\Contours\SHP\6382_1836d_ct_polylines.shp,Elevation,-1,-1,I:\GISdata\Contours\SHP\6382_1842a_ct_polylines.shp,Elevation,-1,-1,I:\GISdata\Contours\SHP\6382_1842b_ct_polylines.shp,Elevation,-1,-1,I:\GISdata\Contours\SHP\6382_1842c_ct_polylines.shp,Elevation,-1,-1,I:\GISdata\Contours\SHP\6382_1842d_ct_polylines.shp,Elevation,-1,-1,I:\GISdata\Contours\SHP\6382_1847a_ct_polylines.shp,Elevation,-1,-1,I:\GISdata\Contours\SHP\6382_1847c_ct_polylines.shp,Elevation,-1,-1,I:\GISdata\Contours\SHP\6382_1847d_ct_polylines.shp,Elevation,-1,-1,I:\GISdata\Contours\SHP\6382_1852d_ct_polylines.shp,Elevation,-1,-1,I:\GISdata\Contours\SHP\6387_1831c_ct_polylines.shp,Elevation,-1,-1,I:\GISdata\Contours\SHP\6387_1836a_ct_polylines.shp,Elevation,-1,-1,I:\GISdata\Contours\SHP\6387_1836b_ct_polylines.shp,Elevation,-1,-1,I:\GISdata\Contours\SHP\6387_1836c_ct_polylines.shp,Elevation,-1,-1,I:\GISdata\Contours\SHP\6387_1836d_ct_polylines.shp,Elevation,-1,-1,I:\GISdata\Contours\SHP\6387_1842a_ct_polylines.shp,Elevation,-1,-1,I:\GISdata\Contours\SHP\6387_1842b_ct_polylines.shp,Elevation,-1,-1,I:\GISdata\Contours\SHP\6387_1842c_ct_polylines.shp,Elevation,-1,-1,I:\GISdata\Contours\SHP\6387_1842d_ct_polylines.shp,Elevation,-1,-1,I:\GISdata\Contours\SHP\6387_1847a_ct_polylines.shp,Elevation,-1,-1,I:\GISdata\Contours\SHP\6387_1847b_ct_polylines.shp,Elevation,-1,-1,I:\GISdata\Contours\SHP\6387_1847c_ct_polylines.shp,Elevation,-1,-1,I:\GISdata\Contours\SHP\6387_1847d_ct_polylines.shp,Elevation,-1,-1,I:\GISdata\Contours\SHP\6387_1852a_ct_polylines.shp,Elevation,-1,-1,I:\GISdata\Contours\SHP\6387_1852b_ct_polylines.shp,Elevation,-1,-1,I:\GISdata\Contours\SHP\6387_1852c_ct_polylines.shp,Elevation,-1,-1,I:\GISdata\Contours\SHP\6387_1852d_ct_polylines.shp,Elevation,-1,-1,I:\GISdata\Contours\SHP\6387_1857d_ct_polylines.shp,Elevation,-1,-1,I:\GISdata\Contours\SHP\6392_1831b_ct_polylines.shp,Elevation,-1,-1,I:\GISdata\Contours\SHP\6392_1831c_ct_polylines.shp,Elevation,-1,-1,I:\GISdata\Contours\SHP\6392_1836a_ct_polylines.shp,Elevation,-1,-1,I:\GISdata\Contours\SHP\6392_1836b_ct_polylines.shp,Elevation,-1,-1,I:\GISdata\Contours\SHP\6392_1836c_ct_polylines.shp,Elevation,-1,-1,I:\GISdata\Contours\SHP\6392_1836d_ct_polylines.shp,Elevation,-1,-1,I:\GISdata\Contours\SHP\6392_1842a_ct_polylines.shp,Elevation,-1,-1,I:\GISdata\Contours\SHP\6392_1842b_ct_polylines.shp,Elevation,-1,-1,I:\GISdata\Contours\SHP\6392_1842c_ct_polylines.shp,Elevation,-1,-1,I:\GISdata\Contours\SHP\6392_1842d_ct_polylines.shp,Elevation,-1,-1,I:\GISdata\Contours\SHP\6392_1847a_ct_polylines.shp,Elevation,-1,-1,I:\GISdata\Contours\SHP\6392_1847b_ct_polylines.shp,Elevation,-1,-1,I:\GISdata\Contours\SHP\6392_1847c_ct_polylines.shp,Elevation,-1,-1,I:\GISdata\Contours\SHP\6392_1847d_ct_polylines.shp,Elevation,-1,-1,I:\GISdata\Contours\SHP\6392_1852a_ct_polylines.shp,Elevation,-1,-1,I:\GISdata\Contours\SHP\6392_1852b_ct_polylines.shp,Elevation,-1,-1,I:\GISdata\Contours\SHP\6392_1852c_ct_polylines.shp,Elevation,-1,-1,I:\GISdata\Contours\SHP\6392_1852d_ct_polylines.shp,Elevation,-1,-1,I:\GISdata\Contours\SHP\6392_1857a_ct_polylines.shp,Elevation,-1,-1,I:\GISdata\Contours\SHP\6392_1857b_ct_polylines.shp,Elevation,-1,-1,I:\GISdata\Contours\SHP\6392_1857c_ct_polylines.shp,Elevation,-1,-1,I:\GISdata\Contours\SHP\6392_1857d_ct_polylines.shp,Elevation,-1,-1,I:\GISdata\Contours\SHP\6397_1831b_ct_polylines.shp,Elevation,-1,-1,I:\GISdata\Contours\SHP\6397_1831c_ct_polylines.shp,Elevation,-1,-1,I:\GISdata\Contours\SHP\6397_1831d_ct_polylines.shp,Elevation,-1,-1,I:\GISdata\Contours\SHP\6397_1836a_ct_polylines.shp,Elevation,-1,-1,I:\GISdata\Contours\SHP\6397_1836b_ct_polylines.shp,Elevation,-1,-1,I:\GISdata\Contours\SHP\6397_1836c_ct_polylines.shp,Elevation,-1,-1,I:\GISdata\Contours\SHP\6397_1836d_ct_polylines.shp,Elevation,-1,-1,I:\GISdata\Contours\SHP\6397_1842a_ct_polylines.shp,Elevation,-1,-1,I:\GISdata\Contours\SHP\6397_1842b_ct_polylines.shp,Elevation,-1,-1,I:\GISdata\Contours\SHP\6397_1842c_ct_polylines.shp,Elevation,-1,-1,I:\GISdata\Contours\SHP\6397_1842d_ct_polylines.shp,Elevation,-1,-1,I:\GISdata\Contours\SHP\6397_1847a_ct_polylines.shp,Elevation,-1,-1,I:\GISdata\Contours\SHP\6397_1847b_ct_polylines.shp,Elevation,-1,-1,I:\GISdata\Contours\SHP\6397_1847c_ct_polylines.shp,Elevation,-1,-1,I:\GISdata\Contours\SHP\6397_1847d_ct_polylines.shp,Elevation,-1,-1,I:\GISdata\Contours\SHP\6397_1852a_ct_polylines.shp,Elevation,-1,-1,I:\GISdata\Contours\SHP\6397_1852b_ct_polylines.shp,Elevation,-1,-1,I:\GISdata\Contours\SHP\6397_1852c_ct_polylines.shp,Elevation,-1,-1,I:\GISdata\Contours\SHP\6397_1852d_ct_polylines.shp,Elevation,-1,-1,I:\GISdata\Contours\SHP\6397_1857a_ct_polylines.shp,Elevation,-1,-1,I:\GISdata\Contours\SHP\6397_1857b_ct_polylines.shp,Elevation,-1,-1,I:\GISdata\Contours\SHP\6397_1857c_ct_polylines.shp,Elevation,-1,-1,I:\GISdata\Contours\SHP\6397_1857d_ct_polylines.shp,Elevation,-1,-1,I:\GISdata\Contours\SHP\6397_1863a_ct_polylines.shp,Elevation,-1,-1,I:\GISdata\Contours\SHP\6397_1863c_ct_polylines.shp,Elevation,-1,-1,I:\GISdata\Contours\SHP\6397_1863d_ct_polylines.shp,Elevation,-1,-1,I:\GISdata\Contours\SHP\6403_1826b_ct_polylines.shp,Elevation,-1,-1,I:\GISdata\Contours\SHP\6403_1826c_ct_polylines.shp,Elevation,-1,-1,I:\GISdata\Contours\SHP\6403_1826d_ct_polylines.shp,Elevation,-1,-1,I:\GISdata\Contours\SHP\6403_1831a_ct_Polylines.shp,Elevation,-1,-1,I:\GISdata\Contours\SHP\6403_1831b_ct_polylines.shp,Elevation,-1,-1,I:\GISdata\Contours\SHP\6403_1831c_ct_polylines.shp,Elevation,-1,-1,I:\GISdata\Contours\SHP\6403_1831d_ct_polylines.shp,Elevation,-1,-1,I:\GISdata\Contours\SHP\6403_1836a_ct_polylines.shp,Elevation,-1,-1,I:\GISdata\Contours\SHP\6403_1836b_ct_polylines.shp,Elevation,-1,-1,I:\GISdata\Contours\SHP\6403_1836c_ct_polylines.shp,Elevation,-1,-1,I:\GISdata\Contours\SHP\6403_1836d_ct_polylines.shp,Elevation,-1,-1,I:\GISdata\Contours\SHP\6403_1842a_ct_polylines.shp,Elevation,-1,-1,I:\GISdata\Contours\SHP\6403_1842b_ct_polylines.shp,Elevation,-1,-1,I:\GISdata\Contours\SHP\6403_1842c_ct_polylines.shp,Elevation,-1,-1,I:\GISdata\Contours\SHP\6403_1842d_ct_polylines.shp,Elevation,-1,-1,I:\GISdata\Contours\SHP\6403_1847a_ct_polylines.shp,Elevation,-1,-1,I:\GISdata\Contours\SHP\6403_1847b_ct_polylines.shp,Elevation,-1,-1,I:\GISdata\Contours\SHP\6403_1847c_ct_polylines.shp,Elevation,-1,-1,I:\GISdata\Contours\SHP\6403_1847d_ct_polylines.shp,Elevation,-1,-1,I:\GISdata\Contours\SHP\6403_1852a_ct_polylines.shp,Elevation,-1,-1,I:\GISdata\Contours\SHP\6403_1852b_ct_polylines.shp,Elevation,-1,-1,I:\GISdata\Contours\SHP\6403_1852c_ct_polylines.shp,Elevation,-1,-1,I:\GISdata\Contours\SHP\6403_1852d_ct_polylines.shp,Elevation,-1,-1,I:\GISdata\Contours\SHP\6403_1857a_ct_polylines.shp,Elevation,-1,-1,I:\GISdata\Contours\SHP\6403_1857b_ct_polylines.shp,Elevation,-1,-1,I:\GISdata\Contours\SHP\6403_1857c_ct_polylines.shp,Elevation,-1,-1,I:\GISdata\Contours\SHP\6403_1857d_ct_polylines.shp,Elevation,-1,-1,I:\GISdata\Contours\SHP\6403_1863a_ct_polylines.shp,Elevation,-1,-1,I:\GISdata\Contours\SHP\6403_1863b_ct_polylines.shp,Elevation,-1,-1,I:\GISdata\Contours\SHP\6403_1863c_ct_polylines.shp,Elevation,-1,-1,I:\GISdata\Contours\SHP\6403_1863d_ct_polylines.shp,Elevation,-1,-1,I:\GISdata\Contours\SHP\6408_1820b_ct_polylines.shp,Elevation,-1,-1,I:\GISdata\Contours\SHP\6408_1820c_ct_Polylines.shp,Elevation,-1,-1,I:\GISdata\Contours\SHP\6408_1820d_ct_polylines.shp,Elevation,-1,-1,I:\GISdata\Contours\SHP\6408_1826a_ct_polylines.shp,Elevation,-1,-1,I:\GISdata\Contours\SHP\6408_1826b_ct_polylines.shp,Elevation,-1,-1,I:\GISdata\Contours\SHP\6408_1826c_ct_polylines.shp,Elevation,-1,-1,I:\GISdata\Contours\SHP\6408_1826d_ct_polylines.shp,Elevation,-1,-1,I:\GISdata\Contours\SHP\6408_1831a_ct_polylines.shp,Elevation,-1,-1,I:\GISdata\Contours\SHP\6408_1831b_ct_polylines.shp,Elevation,-1,-1,I:\GISdata\Contours\SHP\6408_1831c_ct_polylines.shp,Elevation,-1,-1,I:\GISdata\Contours\SHP\6408_1831d_ct_polylines.shp,Elevation,-1,-1,I:\GISdata\Contours\SHP\6408_1836a_ct_polylines.shp,Elevation,-1,-1,I:\GISdata\Contours\SHP\6408_1836b_ct_polylines.shp,Elevation,-1,-1,I:\GISdata\Contours\SHP\6408_1836c_ct_polylines.shp,Elevation,-1,-1,I:\GISdata\Contours\SHP\6408_1836d_ct_polylines.shp,Elevation,-1,-1,I:\GISdata\Contours\SHP\6408_1842a_ct_polylines.shp,Elevation,-1,-1,I:\GISdata\Contours\SHP\6408_1842b_ct_polylines.shp,Elevation,-1,-1,I:\GISdata\Contours\SHP\6408_1842c_ct_polylines.shp,Elevation,-1,-1,I:\GISdata\Contours\SHP\6408_1842d_ct_polylines.shp,Elevation,-1,-1,I:\GISdata\Contours\SHP\6408_1847a_ct_polylines.shp,Elevation,-1,-1,I:\GISdata\Contours\SHP\6408_1847b_ct_polylines.shp,Elevation,-1,-1,I:\GISdata\Contours\SHP\6408_1847c_ct_polylines.shp,Elevation,-1,-1,I:\GISdata\Contours\SHP\6408_1847d_ct_polylines.shp,Elevation,-1,-1,I:\GISdata\Contours\SHP\6408_1852a_ct_polylines.shp,Elevation,-1,-1,I:\GISdata\Contours\SHP\6408_1852b_ct_polylines.shp,Elevation,-1,-1,I:\GISdata\Contours\SHP\6408_1852c_ct_polylines.shp,Elevation,-1,-1,I:\GISdata\Contours\SHP\6408_1852d_ct_polylines.shp,Elevation,-1,-1,I:\GISdata\Contours\SHP\6408_1857a_ct_polylines.shp,Elevation,-1,-1,I:\GISdata\Contours\SHP\6408_1857b_ct_polylines.shp,Elevation,-1,-1,I:\GISdata\Contours\SHP\6408_1857c_ct_polylines.shp,Elevation,-1,-1,I:\GISdata\Contours\SHP\6408_1857d_ct_polylines.shp,Elevation,-1,-1,I:\GISdata\Contours\SHP\6408_1863a_ct_polylines.shp,Elevation,-1,-1,I:\GISdata\Contours\SHP\6408_1863b_ct_polylines.shp,Elevation,-1,-1,I:\GISdata\Contours\SHP\6408_1863c_ct_polylines.shp,Elevation,-1,-1,I:\GISdata\Contours\SHP\6408_1863d_ct_polylines.shp,Elevation,-1,-1,I:\GISdata\Contours\SHP\6413_1810c_ct_polylines.shp,Elevation,-1,-1,I:\GISdata\Contours\SHP\6413_1815b_ct_polylines.shp,Elevation,-1,-1,I:\GISdata\Contours\SHP\6413_1815c_ct_Polylines.shp,Elevation,-1,-1,I:\GISdata\Contours\SHP\6413_1815d_ct_polylines.shp,Elevation,-1,-1,I:\GISdata\Contours\SHP\6413_1820a_ct_polylines.shp,Elevation,-1,-1,I:\GISdata\Contours\SHP\6413_1820b_ct_polylines.shp,Elevation,-1,-1,I:\GISdata\Contours\SHP\6413_1820c_ct_polylines.shp,Elevation,-1,-1,I:\GISdata\Contours\SHP\6413_1820d_ct_polylines.shp,Elevation,-1,-1,I:\GISdata\Contours\SHP\6413_1826a_ct_polylines.shp,Elevation,-1,-1,I:\GISdata\Contours\SHP\6413_1826b_ct_polylines.shp,Elevation,-1,-1,I:\GISdata\Contours\SHP\6413_1826c_ct_polylines.shp,Elevation,-1,-1,I:\GISdata\Contours\SHP\6413_1826d_ct_polylines.shp,Elevation,-1,-1,I:\GISdata\Contours\SHP\6413_1831a_ct_polylines.shp,Elevation,-1,-1,I:\GISdata\Contours\SHP\6413_1831b_ct_polylines.shp,Elevation,-1,-1,I:\GISdata\Contours\SHP\6413_1831c_ct_polylines.shp,Elevation,-1,-1,I:\GISdata\Contours\SHP\6413_1831d_ct_polylines.shp,Elevation,-1,-1,I:\GISdata\Contours\SHP\6413_1836a_ct_polylines.shp,Elevation,-1,-1,I:\GISdata\Contours\SHP\6413_1836b_ct_polylines.shp,Elevation,-1,-1,I:\GISdata\Contours\SHP\6413_1836c_ct_polylines.shp,Elevation,-1,-1,I:\GISdata\Contours\SHP\6413_1836d_ct_polylines.shp,Elevation,-1,-1,I:\GISdata\Contours\SHP\6413_1842a_ct_polylines.shp,Elevation,-1,-1,I:\GISdata\Contours\SHP\6413_1842b_ct_polylines.shp,Elevation,-1,-1,I:\GISdata\Contours\SHP\6413_1842c_ct_polylines.shp,Elevation,-1,-1,I:\GISdata\Contours\SHP\6413_1842d_ct_polylines.shp,Elevation,-1,-1,I:\GISdata\Contours\SHP\6413_1847a_ct_polylines.shp,Elevation,-1,-1,I:\GISdata\Contours\SHP\6413_1847b_ct_polylines.shp,Elevation,-1,-1,I:\GISdata\Contours\SHP\6413_1847c_ct_polylines.shp,Elevation,-1,-1,I:\GISdata\Contours\SHP\6413_1847d_ct_polylines.shp,Elevation,-1,-1,I:\GISdata\Contours\SHP\6413_1852a_ct_polylines.shp,Elevation,-1,-1,I:\GISdata\Contours\SHP\6413_1852b_ct_polylines.shp,Elevation,-1,-1,I:\GISdata\Contours\SHP\6413_1852c_ct_polylines.shp,Elevation,-1,-1,I:\GISdata\Contours\SHP\6413_1852d_ct_polylines.shp,Elevation,-1,-1,I:\GISdata\Contours\SHP\6413_1857a_ct_polylines.shp,Elevation,-1,-1,I:\GISdata\Contours\SHP\6413_1857b_ct_polylines.shp,Elevation,-1,-1,I:\GISdata\Contours\SHP\6413_1857c_ct_polylines.shp,Elevation,-1,-1,I:\GISdata\Contours\SHP\6413_1857d_ct_polylines.shp,Elevation,-1,-1,I:\GISdata\Contours\SHP\6413_1863a_ct_polylines.shp,Elevation,-1,-1,I:\GISdata\Contours\SHP\6413_1863b_ct_polylines.shp,Elevation,-1,-1,I:\GISdata\Contours\SHP\6413_1863c_ct_polylines.shp,Elevation,-1,-1,I:\GISdata\Contours\SHP\6413_1863d_ct_polylines.shp,Elevation,-1,-1,I:\GISdata\Contours\SHP\6418_1805a_ct_polylines.shp,Elevation,-1,-1,I:\GISdata\Contours\SHP\6418_1805b_ct_polylines.shp,Elevation,-1,-1,I:\GISdata\Contours\SHP\6418_1805c_ct_Polylines.shp,Elevation,-1,-1,I:\GISdata\Contours\SHP\6418_1805d_ct_polylines.shp,Elevation,-1,-1,I:\GISdata\Contours\SHP\6418_1810a_ct_polylines.shp,Elevation,-1,-1,I:\GISdata\Contours\SHP\6418_1810b_ct_Polylines.shp,Elevation,-1,-1,I:\GISdata\Contours\SHP\6418_1810c_ct_Polylines.shp,Elevation,-1,-1,I:\GISdata\Contours\SHP\6418_1810d_ct_Polylines.shp,Elevation,-1,-1,I:\GISdata\Contours\SHP\6418_1815a_ct_Polylines.shp,Elevation,-1,-1,I:\GISdata\Contours\SHP\6418_1815b_ct_Polylines.shp,Elevation,-1,-1,I:\GISdata\Contours\SHP\6418_1815c_ct_Polylines.shp,Elevation,-1,-1,I:\GISdata\Contours\SHP\6418_1815d_ct_Polylines.shp,Elevation,-1,-1,I:\GISdata\Contours\SHP\6418_1820a_ct_polylines.shp,Elevation,-1,-1,I:\GISdata\Contours\SHP\6418_1820b_ct_polylines.shp,Elevation,-1,-1,I:\GISdata\Contours\SHP\6418_1820c_ct_polylines.shp,Elevation,-1,-1,I:\GISdata\Contours\SHP\6418_1820d_ct_polylines.shp,Elevation,-1,-1,I:\GISdata\Contours\SHP\6418_1826a_ct_polylines.shp,Elevation,-1,-1,I:\GISdata\Contours\SHP\6418_1826b_ct_polylines.shp,Elevation,-1,-1,I:\GISdata\Contours\SHP\6418_1826c_ct_polylines.shp,Elevation,-1,-1,I:\GISdata\Contours\SHP\6418_1826d_ct_polylines.shp,Elevation,-1,-1,I:\GISdata\Contours\SHP\6418_1831a_ct_polylines.shp,Elevation,-1,-1,I:\GISdata\Contours\SHP\6418_1831b_ct_polylines.shp,Elevation,-1,-1,I:\GISdata\Contours\SHP\6418_1831c_ct_polylines.shp,Elevation,-1,-1,I:\GISdata\Contours\SHP\6418_1831d_ct_polylines.shp,Elevation,-1,-1,I:\GISdata\Contours\SHP\6418_1836a_ct_polylines.shp,Elevation,-1,-1,I:\GISdata\Contours\SHP\6418_1836b_ct_polylines.shp,Elevation,-1,-1,I:\GISdata\Contours\SHP\6418_1836c_ct_polylines.shp,Elevation,-1,-1,I:\GISdata\Contours\SHP\6418_1836d_ct_polylines.shp,Elevation,-1,-1,I:\GISdata\Contours\SHP\6418_1842a_ct_polylines.shp,Elevation,-1,-1,I:\GISdata\Contours\SHP\6418_1842b_ct_polylines.shp,Elevation,-1,-1,I:\GISdata\Contours\SHP\6418_1842c_ct_polylines.shp,Elevation,-1,-1,I:\GISdata\Contours\SHP\6418_1842d_ct_polylines.shp,Elevation,-1,-1,I:\GISdata\Contours\SHP\6418_1847a_ct_polylines.shp,Elevation,-1,-1,I:\GISdata\Contours\SHP\6418_1847b_ct_polylines.shp,Elevation,-1,-1,I:\GISdata\Contours\SHP\6418_1847c_ct_polylines.shp,Elevation,-1,-1,I:\GISdata\Contours\SHP\6418_1847d_ct_polylines.shp,Elevation,-1,-1,I:\GISdata\Contours\SHP\6418_1852a_ct_polylines.shp,Elevation,-1,-1,I:\GISdata\Contours\SHP\6418_1852b_ct_polylines.shp,Elevation,-1,-1,I:\GISdata\Contours\SHP\6418_1852c_ct_polylines.shp,Elevation,-1,-1,I:\GISdata\Contours\SHP\6418_1852d_ct_polylines.shp,Elevation,-1,-1,I:\GISdata\Contours\SHP\6418_1857a_ct_polylines.shp,Elevation,-1,-1,I:\GISdata\Contours\SHP\6418_1857b_ct_polylines.shp,Elevation,-1,-1,I:\GISdata\Contours\SHP\6418_1857c_ct_polylines.shp,Elevation,-1,-1,I:\GISdata\Contours\SHP\6418_1857d_ct_polylines.shp,Elevation,-1,-1,I:\GISdata\Contours\SHP\6418_1863a_ct_polylines.shp,Elevation,-1,-1,I:\GISdata\Contours\SHP\6418_1863b_ct_polylines.shp,Elevation,-1,-1,I:\GISdata\Contours\SHP\6418_1863d_ct_polylines.shp,Elevation,-1,-1,I:\GISdata\Contours\SHP\6424_1794c_ct_polylines.shp,Elevation,-1,-1,I:\GISdata\Contours\SHP\6424_1799a_ct_polylines.shp,Elevation,-1,-1,I:\GISdata\Contours\SHP\6424_1799b_ct_polylines.shp,Elevation,-1,-1,I:\GISdata\Contours\SHP\6424_1799c_ct_polylines.shp,Elevation,-1,-1,I:\GISdata\Contours\SHP\6424_1799d_ct_polylines.shp,Elevation,-1,-1,I:\GISdata\Contours\SHP\6424_1805a_ct_polylines.shp,Elevation,-1,-1,I:\GISdata\Contours\SHP\6424_1805b_ct_Polylines.shp,Elevation,-1,-1,I:\GISdata\Contours\SHP\6424_1805c_ct_Polylines.shp,Elevation,-1,-1,I:\GISdata\Contours\SHP\6424_1805d_ct_polylines.shp,Elevation,-1,-1,I:\GISdata\Contours\SHP\6424_1810a_ct_Polylines.shp,Elevation,-1,-1,I:\GISdata\Contours\SHP\6424_1810b_ct_polylines.shp,Elevation,-1,-1,I:\GISdata\Contours\SHP\6424_1810c_ct_Polylines.shp,Elevation,-1,-1,I:\GISdata\Contours\SHP\6424_1810d_ct_Polylines.shp,Elevation,-1,-1,I:\GISdata\Contours\SHP\6424_1815a_ct_Polylines.shp,Elevation,-1,-1,I:\GISdata\Contours\SHP\6424_1815b_ct_Polylines.shp,Elevation,-1,-1,I:\GISdata\Contours\SHP\6424_1815c_ct_polylines.shp,Elevation,-1,-1,I:\GISdata\Contours\SHP\6424_1815d_ct_Polylines.shp,Elevation,-1,-1,I:\GISdata\Contours\SHP\6424_1820a_ct_polylines.shp,Elevation,-1,-1,I:\GISdata\Contours\SHP\6424_1820b_ct_polylines.shp,Elevation,-1,-1,I:\GISdata\Contours\SHP\6424_1820c_ct_polylines.shp,Elevation,-1,-1,I:\GISdata\Contours\SHP\6424_1820d_ct_polylines.shp,Elevation,-1,-1,I:\GISdata\Contours\SHP\6424_1826a_ct_polylines.shp,Elevation,-1,-1,I:\GISdata\Contours\SHP\6424_1826b_ct_polylines.shp,Elevation,-1,-1,I:\GISdata\Contours\SHP\6424_1826c_ct_polylines.shp,Elevation,-1,-1,I:\GISdata\Contours\SHP\6424_1826d_ct_Polylines.shp,Elevation,-1,-1,I:\GISdata\Contours\SHP\6424_1831a_ct_polylines.shp,Elevation,-1,-1,I:\GISdata\Contours\SHP\6424_1831b_ct_polylines.shp,Elevation,-1,-1,I:\GISdata\Contours\SHP\6424_1831c_ct_polylines.shp,Elevation,-1,-1,I:\GISdata\Contours\SHP\6424_1831d_ct_polylines.shp,Elevation,-1,-1,I:\GISdata\Contours\SHP\6424_1836a_ct_polylines.shp,Elevation,-1,-1,I:\GISdata\Contours\SHP\6424_1836b_ct_polylines.shp,Elevation,-1,-1,I:\GISdata\Contours\SHP\6424_1836c_ct_polylines.shp,Elevation,-1,-1,I:\GISdata\Contours\SHP\6424_1836d_ct_polylines.shp,Elevation,-1,-1,I:\GISdata\Contours\SHP\6424_1842a_ct_polylines.shp,Elevation,-1,-1,I:\GISdata\Contours\SHP\6424_1842b_ct_polylines.shp,Elevation,-1,-1,I:\GISdata\Contours\SHP\6424_1842c_ct_polylines.shp,Elevation,-1,-1,I:\GISdata\Contours\SHP\6424_1842d_ct_polylines.shp,Elevation,-1,-1,I:\GISdata\Contours\SHP\6424_1847a_ct_polylines.shp,Elevation,-1,-1,I:\GISdata\Contours\SHP\6424_1847b_ct_polylines.shp,Elevation,-1,-1,I:\GISdata\Contours\SHP\6424_1847c_ct_polylines.shp,Elevation,-1,-1,I:\GISdata\Contours\SHP\6424_1847d_ct_polylines.shp,Elevation,-1,-1,I:\GISdata\Contours\SHP\6424_1852a_ct_polylines.shp,Elevation,-1,-1,I:\GISdata\Contours\SHP\6424_1852b_ct_polylines.shp,Elevation,-1,-1,I:\GISdata\Contours\SHP\6424_1852c_ct_polylines.shp,Elevation,-1,-1,I:\GISdata\Contours\SHP\6424_1852d_ct_polylines.shp,Elevation,-1,-1,I:\GISdata\Contours\SHP\6424_1857a_ct_polylines.shp,Elevation,-1,-1,I:\GISdata\Contours\SHP\6424_1857b_ct_polylines.shp,Elevation,-1,-1,I:\GISdata\Contours\SHP\6424_1857c_ct_polylines.shp,Elevation,-1,-1,I:\GISdata\Contours\SHP\6424_1857d_ct_polylines.shp,Elevation,-1,-1,I:\GISdata\Contours\SHP\6424_1863a_ct_polylines.shp,Elevation,-1,-1,I:\GISdata\Contours\SHP\6424_1863d_ct_polylines.shp,Elevation,-1,-1,I:\GISdata\Contours\SHP\6429_1794b_ct_polylines.shp,Elevation,-1,-1,I:\GISdata\Contours\SHP\6429_1799a_ct_polylines.shp,Elevation,-1,-1,I:\GISdata\Contours\SHP\6429_1799b_ct_polylines.shp,Elevation,-1,-1,I:\GISdata\Contours\SHP\6429_1799c_ct_polylines.shp,Elevation,-1,-1,I:\GISdata\Contours\SHP\6429_1799d_ct_polylines.shp,Elevation,-1,-1,I:\GISdata\Contours\SHP\6429_1805a_ct_polylines.shp,Elevation,-1,-1,I:\GISdata\Contours\SHP\6429_1805b_ct_Polylines.shp,Elevation,-1,-1,I:\GISdata\Contours\SHP\6429_1805c_ct_Polylines.shp,Elevation,-1,-1,I:\GISdata\Contours\SHP\6429_1805d_ct_polylines.shp,Elevation,-1,-1,I:\GISdata\Contours\SHP\6429_1810a_ct_Polylines.shp,Elevation,-1,-1,I:\GISdata\Contours\SHP\6429_1810b_ct_Polylines.shp,Elevation,-1,-1,I:\GISdata\Contours\SHP\6429_1810c_ct_Polylines.shp,Elevation,-1,-1,I:\GISdata\Contours\SHP\6429_1810d_ct_Polylines.shp,Elevation,-1,-1,I:\GISdata\Contours\SHP\6429_1815a_ct_polylines.shp,Elevation,-1,-1,I:\GISdata\Contours\SHP\6429_1815b_ct_polylines.shp,Elevation,-1,-1,I:\GISdata\Contours\SHP\6429_1815c_ct_Polylines.shp,Elevation,-1,-1,I:\GISdata\Contours\SHP\6429_1815d_ct_Polylines.shp,Elevation,-1,-1,I:\GISdata\Contours\SHP\6429_1820a_ct_polylines.shp,Elevation,-1,-1,I:\GISdata\Contours\SHP\6429_1820b_ct_polylines.shp,Elevation,-1,-1,I:\GISdata\Contours\SHP\6429_1820c_ct_polylines.shp,Elevation,-1,-1,I:\GISdata\Contours\SHP\6429_1820d_ct_polylines.shp,Elevation,-1,-1,I:\GISdata\Contours\SHP\6429_1826a_ct_polylines.shp,Elevation,-1,-1,I:\GISdata\Contours\SHP\6429_1826b_ct_polylines.shp,Elevation,-1,-1,I:\GISdata\Contours\SHP\6429_1826c_ct_polylines.shp,Elevation,-1,-1,I:\GISdata\Contours\SHP\6429_1826d_ct_polylines.shp,Elevation,-1,-1,I:\GISdata\Contours\SHP\6429_1831a_ct_Polylines.shp,Elevation,-1,-1,I:\GISdata\Contours\SHP\6429_1831b_ct_polylines.shp,Elevation,-1,-1,I:\GISdata\Contours\SHP\6429_1831c_ct_polylines.shp,Elevation,-1,-1,I:\GISdata\Contours\SHP\6429_1831d_ct_polylines.shp,Elevation,-1,-1,I:\GISdata\Contours\SHP\6429_1836a_ct_polylines.shp,Elevation,-1,-1,I:\GISdata\Contours\SHP\6429_1836b_ct_polylines.shp,Elevation,-1,-1,I:\GISdata\Contours\SHP\6429_1836c_ct_polylines.shp,Elevation,-1,-1,I:\GISdata\Contours\SHP\6429_1836d_ct_polylines.shp,Elevation,-1,-1,I:\GISdata\Contours\SHP\6429_1842a_ct_polylines.shp,Elevation,-1,-1,I:\GISdata\Contours\SHP\6429_1842b_ct_polylines.shp,Elevation,-1,-1,I:\GISdata\Contours\SHP\6429_1842c_ct_polylines.shp,Elevation,-1,-1,I:\GISdata\Contours\SHP\6429_1842d_ct_polylines.shp,Elevation,-1,-1,I:\GISdata\Contours\SHP\6429_1847a_ct_polylines.shp,Elevation,-1,-1,I:\GISdata\Contours\SHP\6429_1847b_ct_polylines.shp,Elevation,-1,-1,I:\GISdata\Contours\SHP\6429_1847c_ct_polylines.shp,Elevation,-1,-1,I:\GISdata\Contours\SHP\6429_1847d_ct_polylines.shp,Elevation,-1,-1,I:\GISdata\Contours\SHP\6429_1852a_ct_polylines.shp,Elevation,-1,-1,I:\GISdata\Contours\SHP\6429_1852b_ct_polylines.shp,Elevation,-1,-1,I:\GISdata\Contours\SHP\6429_1852c_ct_polylines.shp,Elevation,-1,-1,I:\GISdata\Contours\SHP\6429_1852d_ct_polylines.shp,Elevation,-1,-1,I:\GISdata\Contours\SHP\6429_1857a_ct_polylines.shp,Elevation,-1,-1,I:\GISdata\Contours\SHP\6429_1857b_ct_polylines.shp,Elevation,-1,-1,I:\GISdata\Contours\SHP\6429_1857c_ct_polylines.shp,Elevation,-1,-1,I:\GISdata\Contours\SHP\6429_1857d_ct_polylines.shp,Elevation,-1,-1,I:\GISdata\Contours\SHP\6434_1799a_ct_polylines.shp,Elevation,-1,-1,I:\GISdata\Contours\SHP\6434_1799b_ct_polylines.shp,Elevation,-1,-1,I:\GISdata\Contours\SHP\6434_1799c_ct_polylines.shp,Elevation,-1,-1,I:\GISdata\Contours\SHP\6434_1805a_ct_polylines.shp,Elevation,-1,-1,I:\GISdata\Contours\SHP\6434_1805b_ct_polylines.shp,Elevation,-1,-1,I:\GISdata\Contours\SHP\6434_1805c_ct_polylines.shp,Elevation,-1,-1,I:\GISdata\Contours\SHP\6434_1805d_ct_polylines.shp,Elevation,-1,-1,I:\GISdata\Contours\SHP\6434_1810a_ct_polylines.shp,Elevation,-1,-1,I:\GISdata\Contours\SHP\6434_1810b_ct_polylines.shp,Elevation,-1,-1,I:\GISdata\Contours\SHP\6434_1810c_ct_polylines.shp,Elevation,-1,-1,I:\GISdata\Contours\SHP\6434_1810d_ct_polylines.shp,Elevation,-1,-1,I:\GISdata\Contours\SHP\6434_1815a_ct_Polylines.shp,Elevation,-1,-1,I:\GISdata\Contours\SHP\6434_1815b_ct_Polylines.shp,Elevation,-1,-1,I:\GISdata\Contours\SHP\6434_1815c_ct_Polylines.shp,Elevation,-1,-1,I:\GISdata\Contours\SHP\6434_1815d_ct_Polylines.shp,Elevation,-1,-1,I:\GISdata\Contours\SHP\6434_1820a_ct_polylines.shp,Elevation,-1,-1,I:\GISdata\Contours\SHP\6434_1820b_ct_polylines.shp,Elevation,-1,-1,I:\GISdata\Contours\SHP\6434_1820c_ct_polylines.shp,Elevation,-1,-1,I:\GISdata\Contours\SHP\6434_1820d_ct_polylines.shp,Elevation,-1,-1,I:\GISdata\Contours\SHP\6434_1826a_ct_polylines.shp,Elevation,-1,-1,I:\GISdata\Contours\SHP\6434_1826b_ct_polylines.shp,Elevation,-1,-1,I:\GISdata\Contours\SHP\6434_1826c_ct_polylines.shp,Elevation,-1,-1,I:\GISdata\Contours\SHP\6434_1826d_ct_polylines.shp,Elevation,-1,-1,I:\GISdata\Contours\SHP\6434_1831a_ct_polylines.shp,Elevation,-1,-1,I:\GISdata\Contours\SHP\6434_1831b_ct_polylines.shp,Elevation,-1,-1,I:\GISdata\Contours\SHP\6434_1831c_ct_polylines.shp,Elevation,-1,-1,I:\GISdata\Contours\SHP\6434_1831d_ct_polylines.shp,Elevation,-1,-1,I:\GISdata\Contours\SHP\6434_1836a_ct_polylines.shp,Elevation,-1,-1,I:\GISdata\Contours\SHP\6434_1836b_ct_polylines.shp,Elevation,-1,-1,I:\GISdata\Contours\SHP\6434_1836c_ct_polylines.shp,Elevation,-1,-1,I:\GISdata\Contours\SHP\6434_1836d_ct_polylines.shp,Elevation,-1,-1,I:\GISdata\Contours\SHP\6434_1842a_ct_polylines.shp,Elevation,-1,-1,I:\GISdata\Contours\SHP\6434_1842b_ct_polylines.shp,Elevation,-1,-1,I:\GISdata\Contours\SHP\6434_1842c_ct_polylines.shp,Elevation,-1,-1,I:\GISdata\Contours\SHP\6434_1842d_ct_polylines.shp,Elevation,-1,-1,I:\GISdata\Contours\SHP\6434_1847a_ct_polylines.shp,Elevation,-1,-1,I:\GISdata\Contours\SHP\6434_1847b_ct_polylines.shp,Elevation,-1,-1,I:\GISdata\Contours\SHP\6434_1847c_ct_polylines.shp,Elevation,-1,-1,I:\GISdata\Contours\SHP\6434_1847d_ct_polylines.shp,Elevation,-1,-1,I:\GISdata\Contours\SHP\6434_1852a_ct_polylines.shp,Elevation,-1,-1,I:\GISdata\Contours\SHP\6434_1852b_ct_polylines.shp,Elevation,-1,-1,I:\GISdata\Contours\SHP\6434_1852c_ct_polylines.shp,Elevation,-1,-1,I:\GISdata\Contours\SHP\6434_1852d_ct_polylines.shp,Elevation,-1,-1,I:\GISdata\Contours\SHP\6434_1857a_ct_polylines.shp,Elevation,-1,-1,I:\GISdata\Contours\SHP\6440_1805a_ct_polylines.shp,Elevation,-1,-1,I:\GISdata\Contours\SHP\6440_1805b_ct_polylines.shp,Elevation,-1,-1,I:\GISdata\Contours\SHP\6440_1805c_ct_polylines.shp,Elevation,-1,-1,I:\GISdata\Contours\SHP\6440_1805d_ct_polylines.shp,Elevation,-1,-1,I:\GISdata\Contours\SHP\6440_1810a_ct_polylines.shp,Elevation,-1,-1,I:\GISdata\Contours\SHP\6440_1810b_ct_polylines.shp,Elevation,-1,-1,I:\GISdata\Contours\SHP\6440_1810c_ct_polylines.shp,Elevation,-1,-1,I:\GISdata\Contours\SHP\6440_1810d_ct_polylines.shp,Elevation,-1,-1,I:\GISdata\Contours\SHP\6440_1815a_ct_polylines.shp,Elevation,-1,-1,I:\GISdata\Contours\SHP\6440_1815b_ct_polylines.shp,Elevation,-1,-1,I:\GISdata\Contours\SHP\6440_1815c_ct_polylines.shp,Elevation,-1,-1,I:\GISdata\Contours\SHP\6440_1815d_ct_polylines.shp,Elevation,-1,-1,I:\GISdata\Contours\SHP\6440_1820a_ct_polylines.shp,Elevation,-1,-1,I:\GISdata\Contours\SHP\6440_1820b_ct_polylines.shp,Elevation,-1,-1,I:\GISdata\Contours\SHP\6440_1820c_ct_polylines.shp,Elevation,-1,-1,I:\GISdata\Contours\SHP\6440_1820d_ct_polylines.shp,Elevation,-1,-1,I:\GISdata\Contours\SHP\6440_1826a_ct_polylines.shp,Elevation,-1,-1,I:\GISdata\Contours\SHP\6440_1826b_ct_polylines.shp,Elevation,-1,-1,I:\GISdata\Contours\SHP\6440_1826c_ct_polylines.shp,Elevation,-1,-1,I:\GISdata\Contours\SHP\6440_1826d_ct_polylines.shp,Elevation,-1,-1,I:\GISdata\Contours\SHP\6440_1831a_ct_polylines.shp,Elevation,-1,-1,I:\GISdata\Contours\SHP\6440_1831b_ct_polylines.shp,Elevation,-1,-1,I:\GISdata\Contours\SHP\6440_1831c_ct_polylines.shp,Elevation,-1,-1,I:\GISdata\Contours\SHP\6440_1831d_ct_polylines.shp,Elevation,-1,-1,I:\GISdata\Contours\SHP\6440_1836a_ct_polylines.shp,Elevation,-1,-1,I:\GISdata\Contours\SHP\6440_1836b_ct_polylines.shp,Elevation,-1,-1,I:\GISdata\Contours\SHP\6440_1836c_ct_polylines.shp,Elevation,-1,-1,I:\GISdata\Contours\SHP\6440_1836d_ct_polylines.shp,Elevation,-1,-1,I:\GISdata\Contours\SHP\6440_1842a_ct_polylines.shp,Elevation,-1,-1,I:\GISdata\Contours\SHP\6440_1842b_ct_polylines.shp,Elevation,-1,-1,I:\GISdata\Contours\SHP\6440_1842c_ct_polylines.shp,Elevation,-1,-1,I:\GISdata\Contours\SHP\6440_1842d_ct_polylines.shp,Elevation,-1,-1,I:\GISdata\Contours\SHP\6440_1847a_ct_polylines.shp,Elevation,-1,-1,I:\GISdata\Contours\SHP\6440_1847b_ct_polylines.shp,Elevation,-1,-1,I:\GISdata\Contours\SHP\6440_1847c_ct_polylines.shp,Elevation,-1,-1,I:\GISdata\Contours\SHP\6440_1847d_ct_polylines.shp,Elevation,-1,-1,I:\GISdata\Contours\SHP\6440_1852a_ct_polylines.shp,Elevation,-1,-1,I:\GISdata\Contours\SHP\6445_1805b_ct_polylines.shp,Elevation,-1,-1,I:\GISdata\Contours\SHP\6445_1810a_ct_polylines.shp,Elevation,-1,-1,I:\GISdata\Contours\SHP\6445_1810b_ct_polylines.shp,Elevation,-1,-1,I:\GISdata\Contours\SHP\6445_1810c_ct_polylines.shp,Elevation,-1,-1,I:\GISdata\Contours\SHP\6445_1815a_ct_polylines.shp,Elevation,-1,-1,I:\GISdata\Contours\SHP\6445_1815b_ct_polylines.shp,Elevation,-1,-1,I:\GISdata\Contours\SHP\6445_1815c_ct_polylines.shp,Elevation,-1,-1,I:\GISdata\Contours\SHP\6445_1815d_ct_polylines.shp,Elevation,-1,-1,I:\GISdata\Contours\SHP\6445_1820a_ct_polylines.shp,Elevation,-1,-1,I:\GISdata\Contours\SHP\6445_1820b_ct_polylines.shp,Elevation,-1,-1,I:\GISdata\Contours\SHP\6445_1820c_ct_polylines.shp,Elevation,-1,-1,I:\GISdata\Contours\SHP\6445_1820d_ct_polylines.shp,Elevation,-1,-1,I:\GISdata\Contours\SHP\6445_1826a_ct_polylines.shp,Elevation,-1,-1,I:\GISdata\Contours\SHP\6445_1826b_ct_polylines.shp,Elevation,-1,-1,I:\GISdata\Contours\SHP\6445_1826c_ct_polylines.shp,Elevation,-1,-1,I:\GISdata\Contours\SHP\6445_1826d_ct_polylines.shp,Elevation,-1,-1,I:\GISdata\Contours\SHP\6445_1831a_ct_polylines.shp,Elevation,-1,-1,I:\GISdata\Contours\SHP\6445_1831b_ct_polylines.shp,Elevation,-1,-1,I:\GISdata\Contours\SHP\6445_1831c_ct_polylines.shp,Elevation,-1,-1,I:\GISdata\Contours\SHP\6445_1831d_ct_polylines.shp,Elevation,-1,-1,I:\GISdata\Contours\SHP\6445_1836a_ct_polylines.shp,Elevation,-1,-1,I:\GISdata\Contours\SHP\6445_1836b_ct_polylines.shp,Elevation,-1,-1,I:\GISdata\Contours\SHP\6445_1836c_ct_polylines.shp,Elevation,-1,-1,I:\GISdata\Contours\SHP\6445_1836d_ct_polylines.shp,Elevation,-1,-1,I:\GISdata\Contours\SHP\6445_1842a_ct_polylines.shp,Elevation,-1,-1,I:\GISdata\Contours\SHP\6445_1842b_ct_polylines.shp,Elevation,-1,-1,I:\GISdata\Contours\SHP\6445_1842c_ct_polylines.shp,Elevation,-1,-1,I:\GISdata\Contours\SHP\6445_1842d_ct_polylines.shp,Elevation,-1,-1,I:\GISdata\Contours\SHP\6445_1847a_ct_polylines.shp,Elevation,-1,-1,I:\GISdata\Contours\SHP\6450_1815a_ct_polylines.shp,Elevation,-1,-1,I:\GISdata\Contours\SHP\6450_1815b_ct_polylines.shp,Elevation,-1,-1,I:\GISdata\Contours\SHP\6450_1820a_ct_polylines.shp,Elevation,-1,-1,I:\GISdata\Contours\SHP\6450_1820b_ct_polylines.shp,Elevation,-1,-1,I:\GISdata\Contours\SHP\6450_1826a_ct_polylines.shp,Elevation,-1,-1,I:\GISdata\Contours\SHP\6450_1826b_ct_polylines.shp,Elevation,-1,-1,I:\GISdata\Contours\SHP\6450_1826c_ct_polylines.shp,Elevation,-1,-1,I:\GISdata\Contours\SHP\6450_1826d_ct_polylines.shp,Elevation,-1,-1,I:\GISdata\Contours\SHP\6450_1831a_ct_polylines.shp,Elevation,-1,-1,I:\GISdata\Contours\SHP\6450_1831b_ct_polylines.shp,Elevation,-1,-1,I:\GISdata\Contours\SHP\6450_1831d_ct_polylines.shp,Elevation,-1,-1,I:\GISdata\Contours\SHP\6450_1836a_ct_polylines.shp,Elevation,-1,-1,I:\GISdata\Contours\SHP\6450_1836b_ct_polylines.shp,Elevation,-1,-1"</Process><Process Name="Clip_1" ToolSource="C:\Program Files\ArcGIS\ArcToolbox\Toolboxes\Analysis Tools.tbx\Clip" Date="20070220" Time="094204">Clip contours citysm I:\GISdata\Contours\contours_Clip1.shp #</Process></lineage></DataProperties><SyncDate>20070323</SyncDate><SyncTime>14454700</SyncTime><ModDate>20070323</ModDate><ModTime>14454700</ModTime><MetaID>{702318C2-C504-4493-A411-E2A0F79FDB8E}</MetaID></Esri><idinfo><native Sync="TRUE">Microsoft Windows XP Version 5.1 (Build 2600) Service Pack 2; ESRI ArcCatalog 9.1.0.780</native><descript><langdata Sync="TRUE">en</langdata><abstract>REQUIRED: A brief narrative summary of the data set.</abstract><purpose>REQUIRED: A summary of the intentions with which the data set was developed.</purpose></descript><citation><citeinfo><origin>REQUIRED: The name of an organization or individual that developed the data set.</origin><pubdate>REQUIRED: The date when the data set is published or otherwise made available for release.</pubdate><title Sync="TRUE">contours</title><ftname Sync="TRUE">contours</ftname><geoform Sync="TRUE">vector digital data</geoform><onlink Sync="TRUE">\\gismain\gisdata\Unrotated\contours.shp</onlink></citeinfo></citation><timeperd><current>REQUIRED: The basis on which the time period of content information is determined.</current><timeinfo><sngdate><caldate>REQUIRED: The year (and optionally month, or month and day) for which the data set corresponds to the ground.</caldate></sngdate></timeinfo></timeperd><status><progress>REQUIRED: The state of the data set.</progress><update>REQUIRED: The frequency with which changes and additions are made to the data set after the initial data set is completed.</update></status><spdom><bounding><westbc Sync="TRUE">-118.516813</westbc><eastbc Sync="TRUE">-118.443467</eastbc><northbc Sync="TRUE">34.050781</northbc><southbc Sync="TRUE">33.995425</southbc></bounding><lboundng><leftbc Sync="TRUE">6405115.219230</leftbc><rightbc Sync="TRUE">6427244.810614</rightbc><bottombc Sync="TRUE">1821119.520005</bottombc><topbc Sync="TRUE">1841159.159425</topbc></lboundng><minalti Sync="TRUE">0.000000</minalti><maxalti Sync="TRUE">380.000000</maxalti></spdom><keywords><theme><themekt>REQUIRED: Reference to a formally registered thesaurus or a similar authoritative source of theme keywords.</themekt><themekey>REQUIRED: Common-use word or phrase used to describe the subject of the data set.</themekey></theme></keywords><accconst>REQUIRED: Restrictions and legal prerequisites for accessing the data set.</accconst><useconst>REQUIRED: Restrictions and legal prerequisites for using the data set after access is granted.</useconst><natvform Sync="TRUE">Shapefile</natvform></idinfo><dataIdInfo><envirDesc Sync="TRUE">Microsoft Windows XP Version 5.1 (Build 2600) Service Pack 2; ESRI ArcCatalog 9.1.0.780</envirDesc><dataLang><languageCode Sync="TRUE" value="en"></languageCode></dataLang><idCitation><resTitle Sync="TRUE">contours</resTitle><presForm><PresFormCd Sync="TRUE" value="005"></PresFormCd></presForm></idCitation><spatRpType><SpatRepTypCd Sync="TRUE" value="001"></SpatRepTypCd></spatRpType><dataExt><geoEle><GeoBndBox esriExtentType="native"><westBL Sync="TRUE">6405115.21923</westBL><eastBL Sync="TRUE">6427244.810614</eastBL><northBL Sync="TRUE">1841159.159425</northBL><southBL Sync="TRUE">1821119.520005</southBL><exTypeCode Sync="TRUE">1</exTypeCode></GeoBndBox></geoEle></dataExt><geoBox esriExtentType="decdegrees"><westBL Sync="TRUE">-118.516813</westBL><eastBL Sync="TRUE">-118.443467</eastBL><northBL Sync="TRUE">34.050781</northBL><southBL Sync="TRUE">33.995425</southBL><exTypeCode Sync="TRUE">1</exTypeCode></geoBox></dataIdInfo><metainfo><langmeta Sync="TRUE">en</langmeta><metstdn Sync="TRUE">FGDC Content Standards for Digital Geospatial Metadata</metstdn><metstdv Sync="TRUE">FGDC-STD-001-1998</metstdv><mettc Sync="TRUE">local time</mettc><metc><cntinfo><cntorgp><cntper>REQUIRED: The person responsible for the metadata information.</cntper><cntorg>REQUIRED: The organization responsible for the metadata information.</cntorg></cntorgp><cntaddr><addrtype>REQUIRED: The mailing and/or physical address for the organization or individual.</addrtype><city>REQUIRED: The city of the address.</city><state>REQUIRED: The state or province of the address.</state><postal>REQUIRED: The ZIP or other postal code of the address.</postal></cntaddr><cntvoice>REQUIRED: The telephone number by which individuals can speak to the organization or individual.</cntvoice></cntinfo></metc><metd Sync="TRUE">20070323</metd><metextns><onlink Sync="TRUE">http://www.esri.com/metadata/esriprof80.html</onlink><metprof Sync="TRUE">ESRI Metadata Profile</metprof></metextns></metainfo><mdLang><languageCode Sync="TRUE" value="en"></languageCode></mdLang><mdStanName Sync="TRUE">ISO 19115 Geographic Information - Metadata</mdStanName><mdStanVer Sync="TRUE">DIS_ESRI1.0</mdStanVer><mdChar><CharSetCd Sync="TRUE" value="004"></CharSetCd></mdChar><mdHrLv><ScopeCd Sync="TRUE" value="005"></ScopeCd></mdHrLv><mdHrLvName Sync="TRUE">dataset</mdHrLvName><distinfo><resdesc Sync="TRUE">Downloadable Data</resdesc><stdorder><digform><digtinfo><transize Sync="TRUE">26.098</transize><dssize Sync="TRUE">26.098</dssize></digtinfo></digform></stdorder></distinfo><distInfo><distributor><distorTran><onLineSrc><orDesc Sync="TRUE">002</orDesc><linkage Sync="TRUE">file://\\gismain\gisdata\Unrotated\contours.shp</linkage><protocol Sync="TRUE">Local Area Network</protocol></onLineSrc><transSize Sync="TRUE">26.098</transSize></distorTran><distorFormat><formatName Sync="TRUE">Shapefile</formatName></distorFormat></distributor></distInfo><spdoinfo><direct Sync="TRUE">Vector</direct><ptvctinf><esriterm Name="contours"><efeatyp Sync="TRUE">Simple</efeatyp><efeageom Sync="TRUE">Polyline</efeageom><esritopo Sync="TRUE">FALSE</esritopo><efeacnt Sync="TRUE">4595</efeacnt><spindex Sync="TRUE">TRUE</spindex><linrefer Sync="TRUE">TRUE</linrefer></esriterm><sdtsterm Name="contours"><sdtstype Sync="TRUE">String</sdtstype><ptvctcnt Sync="TRUE">4595</ptvctcnt></sdtsterm></ptvctinf></spdoinfo><spref><horizsys><cordsysn><geogcsn Sync="TRUE">GCS_North_American_1983</geogcsn><projcsn Sync="TRUE">NAD_1983_StatePlane_California_V_FIPS_0405_Feet</projcsn></cordsysn><planar><planci><plance Sync="TRUE">coordinate pair</plance><plandu Sync="TRUE">survey feet</plandu><coordrep><absres Sync="TRUE">0.000032</absres><ordres Sync="TRUE">0.000032</ordres></coordrep></planci><mapproj><mapprojn Sync="TRUE">Lambert Conformal Conic</mapprojn><lambertc><stdparll Sync="TRUE">34.033333</stdparll><stdparll Sync="TRUE">35.466667</stdparll><longcm Sync="TRUE">-118.000000</longcm><latprjo Sync="TRUE">33.500000</latprjo><feast Sync="TRUE">6561666.666667</feast><fnorth Sync="TRUE">1640416.666667</fnorth></lambertc></mapproj></planar><geodetic><horizdn Sync="TRUE">North American Datum of 1983</horizdn><ellips Sync="TRUE">Geodetic Reference System 80</ellips><semiaxis Sync="TRUE">6378137.000000</semiaxis><denflat Sync="TRUE">298.257222</denflat></geodetic></horizsys><vertdef><altsys><altenc Sync="TRUE">Explicit elevation coordinate included with horizontal coordinates</altenc><altres Sync="TRUE">0.000001</altres></altsys></vertdef></spref><refSysInfo><RefSystem><refSysID><identCode Sync="TRUE">NAD_1983_StatePlane_California_V_FIPS_0405_Feet</identCode></refSysID></RefSystem></refSysInfo><spatRepInfo><VectSpatRep><topLvl><TopoLevCd Sync="TRUE" value="001"></TopoLevCd></topLvl><geometObjs Name="contours"><geoObjTyp><GeoObjTypCd Sync="TRUE" value="001"></GeoObjTypCd></geoObjTyp><geoObjCnt Sync="TRUE">4595</geoObjCnt></geometObjs></VectSpatRep></spatRepInfo><eainfo><detailed Name="contours"><enttyp><enttypl Sync="TRUE">contours</enttypl><enttypt Sync="TRUE">Feature Class</enttypt><enttypc Sync="TRUE">4595</enttypc></enttyp><attr><attrlabl Sync="TRUE">FID</attrlabl><attalias Sync="TRUE">FID</attalias><attrtype Sync="TRUE">OID</attrtype><attwidth Sync="TRUE">4</attwidth><atprecis Sync="TRUE">0</atprecis><attscale Sync="TRUE">0</attscale><attrdef Sync="TRUE">Internal feature number.</attrdef><attrdefs Sync="TRUE">ESRI</attrdefs><attrdomv><udom Sync="TRUE">Sequential unique whole numbers that are automatically generated.</udom></attrdomv></attr><attr><attrlabl Sync="TRUE">Shape</attrlabl><attalias Sync="TRUE">Shape</attalias><attrtype Sync="TRUE">Geometry</attrtype><attwidth Sync="TRUE">0</attwidth><atprecis Sync="TRUE">0</atprecis><attscale Sync="TRUE">0</attscale><attrdef Sync="TRUE">Feature geometry.</attrdef><attrdefs Sync="TRUE">ESRI</attrdefs><attrdomv><udom Sync="TRUE">Coordinates defining the features.</udom></attrdomv></attr><attr><attrlabl Sync="TRUE">Layer</attrlabl><attalias Sync="TRUE">Layer</attalias><attrtype Sync="TRUE">String</attrtype><attwidth Sync="TRUE">254</attwidth></attr><attr><attrlabl Sync="TRUE">Elevation</attrlabl><attalias Sync="TRUE">Elevation</attalias><attrtype Sync="TRUE">Number</attrtype><attwidth Sync="TRUE">19</attwidth><atnumdec Sync="TRUE">11</atnumdec></attr></detailed></eainfo><mdDateSt Sync="TRUE">20070323</mdDateSt><dataqual><lineage><procstep><procdesc Sync="TRUE">Dataset copied.</procdesc><srcused Sync="TRUE"></srcused><date Sync="TRUE">20070220</date><time Sync="TRUE">13310400</time></procstep></lineage></dataqual></metadata>
